"year","doy","Lat","Long","Tmax","Tmin","Prcp","elev","siteDesc"
2010,97,42.283501,-83.771729,16.9,3.71,259,275,"Urban"
2010,91,40.866283,-73.875717,18.82,8.09,414,21,"Urban"
2010,91,40.866283,-73.875717,18.82,8.09,414,21,"Urban"
2010,92,40.866283,-73.875717,18.82,8.09,414,21,"Urban"
2010,112,42.382767,-85.343567,17.51,4.57,219,280,"Rural"
2010,98,37.227528,-80.422066,18.96,5.41,243,620,"Urban"
2010,98,37.227528,-80.422066,18.96,5.41,243,620,"Urban"
2010,98,37.227528,-80.422066,18.96,5.41,243,620,"Urban"
2010,97,42.163124,-88.43824,16.79,4.46,276,271,"Urban"
2010,96,35.914001,-79.042,23.05,9.15,228,128,"Urban"
2010,96,35.914001,-79.042,23.05,9.15,228,128,"Urban"
2010,96,37.227661,-80.422279,18.96,5.41,243,620,"Urban"
2010,98,37.227661,-80.422279,18.96,5.41,243,620,"Urban"
2010,96,37.227661,-80.422279,18.96,5.41,243,620,"Urban"
2010,97,37.22863,-80.418022,18.96,5.41,243,625,"Urban"
2010,97,37.229164,-80.417206,18.96,5.41,243,626,"Urban"
2010,95,37.230095,-80.419609,18.95,5.39,240,635,"Urban"
2010,84,37.227619,-80.422264,18.96,5.41,243,620,"Urban"
2010,84,37.227619,-80.422264,18.96,5.41,243,620,"Urban"
2010,84,37.227619,-80.422264,18.96,5.41,243,620,"Urban"
2010,99,40.973251,-96.757942,17.16,4.74,198,398,"Rural"
2010,83,36.902622,-76.206039,21.68,10.59,295,3,"Urban"
2010,87,36.904579,-76.19651,21.62,10.65,293,2,"Urban"
2010,132,36.904579,-76.19651,21.62,10.65,293,2,"Urban"
2010,83,36.90799,-76.196022,21.62,10.65,293,1,"Urban"
2011,113,42.283501,-83.771729,13.04,2.3,461,275,"Urban"
2011,112,40.866283,-73.875717,16.16,6.92,504,21,"Urban"
2011,112,40.866283,-73.875717,16.16,6.92,504,21,"Urban"
2011,112,40.866283,-73.875717,16.16,6.92,504,21,"Urban"
2011,121,42.382767,-85.343567,13.4,2.73,406,280,"Rural"
2011,69,34.928726,-79.782715,23.89,10.21,328,84,"Urban"
2011,80,36.904579,-76.19651,21.53,10.7,166,2,"Urban"
2011,80,36.90799,-76.196022,21.53,10.7,166,1,"Urban"
2011,104,40.710247,-77.956192,15.14,3.85,530,368,"Rural"
2011,124,43.705055,-70.61145,11.77,1.21,446,73,"Rural"
2011,152,43.705055,-70.61145,11.77,1.21,446,73,"Rural"
2011,103,35.517879,-82.469681,18.83,6.13,480,786,"Rural"
2011,123,43.631012,-70.406815,11.6,1.87,431,30,"Rural"
2011,119,44.050777,-69.432732,10.47,1.58,428,51,"Rural"
2011,119,44.050777,-69.432732,10.47,1.58,428,51,"Rural"
2011,119,44.050777,-69.432732,10.47,1.58,428,51,"Rural"
2011,119,44.050777,-69.432732,10.47,1.58,428,51,"Rural"
2011,123,43.672104,-70.443047,11.51,1.63,450,69,"Urban"
2011,123,43.672104,-70.443047,11.51,1.63,450,69,"Urban"
2011,112,44.444542,-69.161575,10.67,0.74,430,80,"Rural"
2011,119,44.418877,-68.106331,10.55,1.36,361,23,"Rural"
2011,158,43.597511,-70.34417,11.51,2.05,422,16,"Urban"
2011,122,43.012966,-73.649918,14.07,2.7,376,108,"Rural"
2012,91,42.285683,-84.128387,18.12,4.81,215,307,"Rural"
2012,83,42.283501,-83.771729,18.49,4.9,204,275,"Urban"
2012,82,40.866283,-73.875717,18.2,8.59,294,21,"Urban"
2012,82,40.866283,-73.875717,18.2,8.59,294,21,"Urban"
2012,95,40.866283,-73.875717,18.2,8.59,294,21,"Urban"
2012,90,42.382767,-85.343567,18.49,5.34,252,280,"Rural"
2012,80,36.902622,-76.206039,22.09,11.66,367,3,"Urban"
2012,88,36.904579,-76.19651,22.01,11.68,355,2,"Urban"
2012,80,36.90799,-76.196022,22.01,11.68,355,1,"Urban"
2012,104,43.672104,-70.443047,14.47,3.13,357,69,"Urban"
2012,108,43.672104,-70.443047,14.47,3.13,357,69,"Urban"
2012,111,43.672104,-70.443047,14.47,3.13,357,69,"Urban"
2012,103,43.739586,-70.697777,14.92,2.42,300,101,"Rural"
2012,100,44.418877,-68.106331,12.71,2.01,408,23,"Rural"
2012,119,45.195858,-70.45369,11.87,-0.28,250,360,"Rural"
2012,119,45.195858,-70.45369,11.87,-0.28,250,360,"Rural"
2012,95,43.305977,-70.782112,15.31,3.4,276,60,"Rural"
2012,95,43.305977,-70.782112,15.31,3.4,276,60,"Rural"
2012,115,43.305977,-70.782112,15.31,3.4,276,60,"Rural"
2012,104,45.660927,-68.703949,12.72,0.66,242,106,"Rural"
2012,113,44.999458,-67.422913,12.56,1.05,345,113,"Rural"
2012,79,43.012966,-73.649918,17.47,4.2,264,108,"Rural"
2012,101,43.012966,-73.649918,17.47,4.2,264,108,"Rural"
2012,101,43.012966,-73.649918,17.47,4.2,264,108,"Rural"
2012,101,43.012966,-73.649918,17.47,4.2,264,108,"Rural"
2012,116,45.403885,-68.432541,13.04,0.76,252,103,"Rural"
2012,85,44.68729,-68.591362,13.32,1.53,338,88,"Rural"
2012,85,44.68729,-68.591362,13.32,1.53,338,88,"Rural"
2012,86,35.204197,-85.916077,22.18,10.59,239,581,"Rural"
2012,86,35.204197,-85.916077,22.18,10.59,239,581,"Rural"
2012,86,35.204197,-85.916077,22.18,10.59,239,581,"Rural"
2012,119,41.820026,-69.96463,13.75,6.25,258,10,"Rural"
2012,76,41.820026,-69.96463,13.75,6.25,258,10,"Rural"
2012,83,41.820026,-69.96463,13.75,6.25,258,10,"Rural"
2012,90,41.820026,-69.96463,13.75,6.25,258,10,"Rural"
2012,98,41.820026,-69.96463,13.75,6.25,258,10,"Rural"
2012,123,41.820026,-69.96463,13.75,6.25,258,10,"Rural"
2012,134,41.820026,-69.96463,13.75,6.25,258,10,"Rural"
2012,144,41.820026,-69.96463,13.75,6.25,258,10,"Rural"
2012,119,41.820026,-69.96463,13.75,6.25,258,10,"Rural"
2012,128,41.820026,-69.96463,13.75,6.25,258,10,"Rural"
2012,115,44.931046,-68.788292,13.95,1.22,256,34,"Rural"
2012,129,44.931046,-68.788292,13.95,1.22,256,34,"Rural"
2012,103,43.634319,-72.249023,15.51,2.19,262,168,"Rural"
2012,118,43.698803,-72.292709,15.98,2.35,261,133,"Rural"
2012,90,43.714985,-72.286171,15.96,2.34,263,141,"Rural"
2012,93,43.714233,-72.261688,15.15,1.98,272,267,"Rural"
2012,117,39.699913,-78.946289,15.97,4.01,316,818,"Rural"
2012,87,37.228432,-80.421463,20.09,7.15,345,619,"Urban"
2012,118,42.611107,-71.965851,15.33,3.33,243,1138,"Rural"
2012,118,42.611107,-71.965851,15.33,3.33,243,1138,"Rural"
2012,120,44.269394,-70.102585,14.12,2.09,340,111,"Rural"
2012,110,43.522804,-70.802277,14.47,2.16,279,207,"Rural"
2012,95,44.980476,-93.142731,17.08,5.89,356,267,"Urban"
2012,95,44.980476,-93.142731,17.08,5.89,356,267,"Urban"
2012,95,44.980476,-93.142731,17.08,5.89,356,267,"Urban"
2012,144,44.980476,-93.142731,17.08,5.89,356,267,"Urban"
2012,95,44.980476,-93.142731,17.08,5.89,356,267,"Urban"
2012,95,44.980476,-93.142731,17.08,5.89,356,267,"Urban"
2013,99,42.283501,-83.771729,13.45,1.65,226,275,"Urban"
2013,100,40.866283,-73.875717,15.14,5.57,257,21,"Urban"
2013,100,40.866283,-73.875717,15.14,5.57,257,21,"Urban"
2013,101,40.866283,-73.875717,15.14,5.57,257,21,"Urban"
2013,100,40.866283,-73.875717,15.14,5.57,257,21,"Urban"
2013,121,42.382767,-85.343567,13.54,2.27,257,280,"Rural"
2013,74,36.902622,-76.206039,18.95,8.91,256,3,"Urban"
2013,94,36.904579,-76.19651,18.91,8.93,251,2,"Urban"
2013,86,36.90799,-76.196022,18.91,8.93,251,1,"Urban"
2013,122,45.195858,-70.45369,9.64,-2.2,261,360,"Rural"
2013,122,45.195858,-70.45369,9.64,-2.2,261,360,"Rural"
2013,127,44.999458,-67.422913,10.46,-0.08,373,113,"Rural"
2013,105,43.012966,-73.649918,14.45,1.6,302,108,"Rural"
2013,119,43.012966,-73.649918,14.45,1.6,302,108,"Rural"
2013,105,43.012966,-73.649918,14.45,1.6,302,108,"Rural"
2013,119,43.012966,-73.649918,14.45,1.6,302,108,"Rural"
2013,105,43.012966,-73.649918,14.45,1.6,302,108,"Rural"
2013,119,43.012966,-73.649918,14.45,1.6,302,108,"Rural"
2013,126,43.078892,-85.627914,12.16,1.5,414,240,"Rural"
2013,126,43.078892,-85.627914,12.16,1.5,414,240,"Rural"
2013,122,44.269394,-70.102585,11.66,0.39,255,111,"Rural"
2013,122,43.051842,-77.256432,13.34,2.4,198,157,"Rural"
2013,121,43.522804,-70.802277,12.04,0.1,247,207,"Rural"
2013,123,45.37743,-68.497353,11.24,-0.48,260,86,"Rural"
2013,129,45.37743,-68.497353,11.24,-0.48,260,86,"Rural"
2013,116,45.37743,-68.497353,11.24,-0.48,260,86,"Rural"
2013,119,45.37743,-68.497353,11.24,-0.48,260,86,"Rural"
2013,64,34.291664,-85.63031,20.77,7.67,543,195,"Rural"
2013,121,43.373749,-73.782425,12.83,0.13,295,243,"Rural"
2013,106,37.233208,-80.424484,15.17,3.55,327,622,"Rural"
2013,84,37.226151,-80.422798,15.19,3.57,324,618,"Urban"
2013,58,37.226284,-80.421921,15.19,3.57,324,2050,"Urban"
2013,125,43.804306,-90.464005,9.17,-1.13,402,406,"Rural"
2013,87,37.230103,-80.419601,15.17,3.55,327,634,"Urban"
2013,105,37.226231,-80.424202,15.19,3.57,324,618,"Urban"
2013,114,43.999718,-69.55117,11.16,1.75,267,28,"Rural"
2013,113,38.260456,-85.7995,18.14,7.1,301,136,"Urban"
2013,94,43.0774,-70.910919,13.6,1.59,246,12,"Rural"
2013,126,41.931305,-74.199905,14.14,1.79,234,156,"Rural"
2013,125,42.97868,-70.959869,13.67,1.72,256,14,"Urban"
2013,125,42.967396,-72.447968,13.74,0.27,247,120,"Rural"
2013,101,43.096924,-70.950233,13.58,1.51,250,22,"Rural"
2013,125,44.980476,-93.142731,9.19,-0.51,373,267,"Urban"
2013,125,44.980476,-93.142731,9.19,-0.51,373,267,"Urban"
2013,125,44.980476,-93.142731,9.19,-0.51,373,267,"Urban"
2013,125,44.980476,-93.142731,9.19,-0.51,373,267,"Urban"
2013,125,44.980476,-93.142731,9.19,-0.51,373,267,"Urban"
2014,112,42.283501,-83.771729,13.04,0.04,216,275,"Urban"
2014,107,40.866283,-73.875717,15,4.65,431,21,"Urban"
2014,112,40.866283,-73.875717,15,4.65,431,21,"Urban"
2014,107,40.866283,-73.875717,15,4.65,431,21,"Urban"
2014,112,40.866283,-73.875717,15,4.65,431,21,"Urban"
2014,107,40.866283,-73.875717,15,4.65,431,21,"Urban"
2014,112,40.866283,-73.875717,15,4.65,431,21,"Urban"
2014,100,40.866283,-73.875717,15,4.65,431,21,"Urban"
2014,108,40.866283,-73.875717,15,4.65,431,21,"Urban"
2014,116,40.866283,-73.875717,15,4.65,431,21,"Urban"
2014,116,42.382767,-85.343567,13.02,0.35,197,280,"Rural"
2014,99,36.440838,-84.323586,20.07,5.55,416,384,"Rural"
2014,95,36.902622,-76.206039,19.76,8.88,419,3,"Urban"
2014,103,36.904579,-76.19651,19.71,8.89,344,2,"Urban"
2014,95,36.90799,-76.196022,19.71,8.89,344,1,"Urban"
2014,132,45.195858,-70.45369,7.75,-5.12,270,360,"Rural"
2014,132,45.195858,-70.45369,7.75,-5.12,270,360,"Rural"
2014,121,44.999458,-67.422913,8.79,-2.73,440,113,"Rural"
2014,125,43.012966,-73.649918,13.03,-0.28,257,108,"Rural"
2014,125,43.012966,-73.649918,13.03,-0.28,257,108,"Rural"
2014,125,43.012966,-73.649918,13.03,-0.28,257,108,"Rural"
2014,127,43.078892,-85.627914,11.9,-0.38,252,240,"Rural"
2014,127,43.078892,-85.627914,11.9,-0.38,252,240,"Rural"
2014,128,44.269394,-70.102585,9.99,-1.81,319,111,"Rural"
2014,130,43.051842,-77.256432,12.31,0.58,285,157,"Rural"
2014,133,43.522804,-70.802277,10.28,-1.81,304,207,"Rural"
2014,131,43.373749,-73.782425,11.28,-2.03,350,243,"Rural"
2014,119,43.999718,-69.55117,10.31,-0.11,299,28,"Rural"
2014,132,44.394394,-69.311577,9.28,-1.65,299,157,"Rural"
2014,102,36.483025,-94.135567,19.34,6.09,266,386,"Rural"
2014,127,43.94474,-69.706696,10.34,-0.16,283,9,"Rural"
2014,123,44.934368,-93.196716,10.15,-0.14,307,251,"Urban"
2014,128,44.980476,-93.142731,9.93,-0.3,301,267,"Urban"
2014,128,44.980476,-93.142731,9.93,-0.3,301,267,"Urban"
2014,128,44.980476,-93.142731,9.93,-0.3,301,267,"Urban"
2014,128,44.980476,-93.142731,9.93,-0.3,301,267,"Urban"
2014,128,44.980476,-93.142731,9.93,-0.3,301,267,"Urban"
2014,64,37.283802,-79.947594,19.98,5.38,262,301,"Urban"
2014,69,37.244373,-79.95179,19.51,5.23,268,302,"Urban"
2014,92,37.288376,-79.991364,19.84,5.29,258,333,"Urban"
2014,104,37.288376,-79.991364,19.84,5.29,258,333,"Urban"
2014,97,37.288376,-79.991364,19.84,5.29,258,333,"Urban"
2014,108,37.288376,-79.991364,19.84,5.29,258,333,"Urban"
2014,92,37.288376,-79.991364,19.84,5.29,258,333,"Urban"
2014,92,41.745537,-74.119392,14.24,1.13,332,89,"Rural"
2014,104,41.745537,-74.119392,14.24,1.13,332,89,"Rural"
2014,114,41.745537,-74.119392,14.24,1.13,332,89,"Rural"
2014,92,41.745537,-74.119392,14.24,1.13,332,89,"Rural"
2014,115,41.745537,-74.119392,14.24,1.13,332,89,"Rural"
2014,117,41.745537,-74.119392,14.24,1.13,332,89,"Rural"
2014,124,41.745537,-74.119392,14.24,1.13,332,89,"Rural"
2014,92,41.745537,-74.119392,14.24,1.13,332,89,"Rural"
2014,115,41.745537,-74.119392,14.24,1.13,332,89,"Rural"
2014,118,41.745537,-74.119392,14.24,1.13,332,89,"Rural"
2014,138,41.745537,-74.119392,14.24,1.13,332,89,"Rural"
2014,104,37.241226,-79.942352,19.38,5.2,275,374,"Urban"
2014,134,43.779648,-69.934822,10.36,0.17,324,7,"Rural"
2014,120,41.78577,-73.731003,13.66,0.78,283,126,"Rural"
2014,135,41.78577,-73.731003,13.66,0.78,283,126,"Rural"
2014,128,43.582722,-70.700516,10.73,-1.44,310,97,"Rural"
2014,128,43.582722,-70.700516,10.73,-1.44,310,97,"Rural"
2014,100,43.582722,-70.700516,10.73,-1.44,310,97,"Rural"
2014,128,43.582722,-70.700516,10.73,-1.44,310,97,"Rural"
2014,117,44.065788,-69.61438,10.21,-0.45,302,73,"Rural"
2014,115,42.020794,-74.243362,12.94,-0.56,337,254,"Rural"
2014,115,42.020794,-74.243362,12.94,-0.56,337,254,"Rural"
2014,115,42.020794,-74.243362,12.94,-0.56,337,254,"Rural"
2014,129,44.399731,-68.724075,9.58,-1.95,315,11,"Rural"
2014,95,38.216927,-85.762497,20.11,7.27,391,138,"Urban"
2015,73,42.283501,-83.771729,14.78,1.98,234,275,"Urban"
2015,101,42.283501,-83.771729,14.78,1.98,234,275,"Urban"
2015,109,40.866283,-73.875717,16.05,5.32,217,21,"Urban"
2015,120,40.866283,-73.875717,16.05,5.32,217,21,"Urban"
2015,109,40.866283,-73.875717,16.05,5.32,217,21,"Urban"
2015,120,40.866283,-73.875717,16.05,5.32,217,21,"Urban"
2015,118,40.866283,-73.875717,16.05,5.32,217,21,"Urban"
2015,109,40.866283,-73.875717,16.05,5.32,217,21,"Urban"
2015,120,40.866283,-73.875717,16.05,5.32,217,21,"Urban"
2015,110,42.382767,-85.343567,14.79,2.46,230,280,"Rural"
2015,94,36.904579,-76.19651,20.6,9.54,244,2,"Urban"
2015,94,36.90799,-76.196022,20.6,9.54,244,1,"Urban"
2015,126,45.195858,-70.45369,9.16,-4.11,168,360,"Rural"
2015,126,45.195858,-70.45369,9.16,-4.11,168,360,"Rural"
2015,125,43.012966,-73.649918,14.35,1.09,140,108,"Rural"
2015,125,43.012966,-73.649918,14.35,1.09,140,108,"Rural"
2015,125,43.012966,-73.649918,14.35,1.09,140,108,"Rural"
2015,124,42.456135,-72.344215,12.89,-0.65,153,253,"Rural"
2015,120,43.078892,-85.627914,13.91,1.24,252,240,"Rural"
2015,124,43.078892,-85.627914,13.91,1.24,252,240,"Rural"
2015,125,43.078892,-85.627914,13.91,1.24,252,240,"Rural"
2015,128,44.269394,-70.102585,11.67,-1.02,178,111,"Rural"
2015,110,43.051842,-77.256432,13.27,1.79,202,157,"Rural"
2015,126,43.051842,-77.256432,13.27,1.79,202,157,"Rural"
2015,126,43.522804,-70.802277,11.99,-1.17,143,207,"Rural"
2015,119,43.999718,-69.55117,11.61,0.09,155,28,"Rural"
2015,133,44.394394,-69.311577,10.67,-1.34,179,157,"Rural"
2015,94,38.260456,-85.7995,20.14,8.38,486,136,"Urban"
2015,107,44.934368,-93.196716,13.88,2.49,195,251,"Urban"
2015,112,44.980476,-93.142731,13.78,2.3,200,267,"Urban"
2015,112,44.980476,-93.142731,13.78,2.3,200,267,"Urban"
2015,112,44.980476,-93.142731,13.78,2.3,200,267,"Urban"
2015,112,44.980476,-93.142731,13.78,2.3,200,267,"Urban"
2015,112,44.980476,-93.142731,13.78,2.3,200,267,"Urban"
2015,82,41.745537,-74.119392,15.29,1.88,180,89,"Rural"
2015,89,41.745537,-74.119392,15.29,1.88,180,89,"Rural"
2015,106,41.745537,-74.119392,15.29,1.88,180,89,"Rural"
2015,133,41.745537,-74.119392,15.29,1.88,180,89,"Rural"
2015,89,41.745537,-74.119392,15.29,1.88,180,89,"Rural"
2015,107,41.745537,-74.119392,15.29,1.88,180,89,"Rural"
2015,116,41.745537,-74.119392,15.29,1.88,180,89,"Rural"
2015,120,41.745537,-74.119392,15.29,1.88,180,89,"Rural"
2015,136,41.745537,-74.119392,15.29,1.88,180,89,"Rural"
2015,89,41.745537,-74.119392,15.29,1.88,180,89,"Rural"
2015,107,41.745537,-74.119392,15.29,1.88,180,89,"Rural"
2015,116,41.745537,-74.119392,15.29,1.88,180,89,"Rural"
2015,121,41.78577,-73.731003,14.73,1.57,231,126,"Rural"
2015,131,41.78577,-73.731003,14.73,1.57,231,126,"Rural"
2015,119,43.582722,-70.700516,12.43,-0.81,167,97,"Rural"
2015,119,43.582722,-70.700516,12.43,-0.81,167,97,"Rural"
2015,125,43.582722,-70.700516,12.43,-0.81,167,97,"Rural"
2015,125,43.582722,-70.700516,12.43,-0.81,167,97,"Rural"
2015,119,43.582722,-70.700516,12.43,-0.81,167,97,"Rural"
2015,111,42.020794,-74.243362,14.07,0.22,193,254,"Rural"
2015,111,42.020794,-74.243362,14.07,0.22,193,254,"Rural"
2015,111,42.020794,-74.243362,14.07,0.22,193,254,"Rural"
2015,111,42.020794,-74.243362,14.07,0.22,193,254,"Rural"
2015,124,42.515305,-74.140076,12.36,-1.63,140,417,"Rural"
2015,76,30.794411,-86.533607,26.91,15.2,281,60,"Rural"
2015,82,30.794411,-86.533607,26.91,15.2,281,60,"Rural"
2015,94,30.794411,-86.533607,26.91,15.2,281,60,"Rural"
2015,58,30.794411,-86.533607,26.91,15.2,281,60,"Rural"
2015,78,30.794411,-86.533607,26.91,15.2,281,60,"Rural"
2015,104,38.216927,-85.762497,20.2,8.35,511,138,"Urban"
2015,103,38.216927,-85.762497,20.2,8.35,511,138,"Urban"
2015,117,35.485004,-82.534576,20.62,7.34,242,663,"Urban"
2015,117,35.485004,-82.534576,20.62,7.34,242,663,"Urban"
2015,96,35.485004,-82.534576,20.62,7.34,242,663,"Urban"
2015,69,35.485004,-82.534576,20.62,7.34,242,663,"Urban"
2015,69,35.485004,-82.534576,20.62,7.34,242,663,"Urban"
2015,62,35.485004,-82.534576,20.62,7.34,242,663,"Urban"
2015,77,35.485004,-82.534576,20.62,7.34,242,663,"Urban"
2015,69,35.485004,-82.534576,20.62,7.34,242,663,"Urban"
2015,96,35.485004,-82.534576,20.62,7.34,242,663,"Urban"
2015,129,40.669498,-73.965942,15.88,5.27,192,42,"Urban"
2015,98,37.230656,-80.419464,18.13,5.13,304,637,"Urban"
2015,104,46.821312,-92.080917,11.05,-1.48,165,328,"Urban"
2015,79,37.226212,-80.422798,18.16,5.17,298,622,"Urban"
2015,93,38.918678,-77.029533,18.97,7.07,253,30,"Urban"
2015,93,38.918678,-77.029533,18.97,7.07,253,30,"Urban"
2015,120,42.366829,-71.257408,14.83,1.92,137,53,"Urban"
2015,89,42.366829,-71.257408,14.83,1.92,137,53,"Urban"
2015,92,42.366829,-71.257408,14.83,1.92,137,53,"Urban"
2015,110,42.366829,-71.257408,14.83,1.92,137,53,"Urban"
2015,118,42.366829,-71.257408,14.83,1.92,137,53,"Urban"
2015,122,42.366829,-71.257408,14.83,1.92,137,53,"Urban"
2015,115,42.366829,-71.257408,14.83,1.92,137,53,"Urban"
2015,90,42.366829,-71.257408,14.83,1.92,137,53,"Urban"
2015,91,42.366829,-71.257408,14.83,1.92,137,53,"Urban"
2015,103,42.366829,-71.257408,14.83,1.92,137,53,"Urban"
2015,113,42.366829,-71.257408,14.83,1.92,137,53,"Urban"
2015,117,42.366829,-71.257408,14.83,1.92,137,53,"Urban"
2015,116,42.366829,-71.257408,14.83,1.92,137,53,"Urban"
2015,116,42.366829,-71.257408,14.83,1.92,137,53,"Urban"
2015,119,42.366829,-71.257408,14.83,1.92,137,53,"Urban"
2015,120,42.366829,-71.257408,14.83,1.92,137,53,"Urban"
2015,110,42.366829,-71.257408,14.83,1.92,137,53,"Urban"
2015,113,42.366829,-71.257408,14.83,1.92,137,53,"Urban"
2015,116,42.366829,-71.257408,14.83,1.92,137,53,"Urban"
2015,105,42.366829,-71.257408,14.83,1.92,137,53,"Urban"
2015,107,42.366829,-71.257408,14.83,1.92,137,53,"Urban"
2015,104,38.942104,-76.965233,19,7.3,248,23,"Urban"
2015,85,37.226192,-80.422806,18.16,5.17,298,623,"Urban"
2015,125,44.892937,-68.723961,11.43,-2.01,191,46,"Rural"
2015,129,44.892937,-68.723961,11.43,-2.01,191,46,"Rural"
2015,111,41.98407,-73.188766,12.48,-0.17,198,399,"Rural"
2015,89,37.230103,-80.419624,18.13,5.13,304,638,"Urban"
2015,157,40.031715,-77.305557,16.29,3.6,246,260,"Rural"
2015,105,35.497227,-82.608856,20.64,7.13,269,673,"Urban"
2015,105,35.497227,-82.608856,20.64,7.13,269,673,"Urban"
2016,92,39.859409,-76.65818,17.3,5.27,254,163,"Rural"
2016,107,42.283501,-83.771729,15.2,2.57,231,275,"Urban"
2016,91,40.866283,-73.875717,17.19,6.78,211,21,"Urban"
2016,105,40.866283,-73.875717,17.19,6.78,211,21,"Urban"
2016,126,40.866283,-73.875717,17.19,6.78,211,21,"Urban"
2016,91,40.866283,-73.875717,17.19,6.78,211,21,"Urban"
2016,105,40.866283,-73.875717,17.19,6.78,211,21,"Urban"
2016,126,40.866283,-73.875717,17.19,6.78,211,21,"Urban"
2016,77,40.866283,-73.875717,17.19,6.78,211,21,"Urban"
2016,105,40.866283,-73.875717,17.19,6.78,211,21,"Urban"
2016,112,40.866283,-73.875717,17.19,6.78,211,21,"Urban"
2016,126,40.866283,-73.875717,17.19,6.78,211,21,"Urban"
2016,105,40.866283,-73.875717,17.19,6.78,211,21,"Urban"
2016,132,40.866283,-73.875717,17.19,6.78,211,21,"Urban"
2016,95,36.440838,-84.323586,20.97,7.66,315,384,"Rural"
2016,95,36.440838,-84.323586,20.97,7.66,315,384,"Rural"
2016,97,36.440838,-84.323586,20.97,7.66,315,384,"Rural"
2016,92,36.902622,-76.206039,20.76,10.31,304,3,"Urban"
2016,102,36.904579,-76.19651,20.75,10.34,304,2,"Urban"
2016,83,36.90799,-76.196022,20.75,10.34,304,1,"Urban"
2016,110,43.012966,-73.649918,15.49,2.63,203,108,"Rural"
2016,110,43.012966,-73.649918,15.49,2.63,203,108,"Rural"
2016,110,43.012966,-73.649918,15.49,2.63,203,108,"Rural"
2016,127,42.456135,-72.344215,14.27,1.67,248,253,"Rural"
2016,120,43.078892,-85.627914,14.54,2.13,329,240,"Rural"
2016,113,43.078892,-85.627914,14.54,2.13,329,240,"Rural"
2016,120,43.078892,-85.627914,14.54,2.13,329,240,"Rural"
2016,135,43.051842,-77.256432,13.69,1.87,152,157,"Rural"
2016,133,43.522804,-70.802277,12.63,0.26,225,207,"Rural"
2016,93,43.999718,-69.55117,12.24,1.72,226,28,"Rural"
2016,107,44.934368,-93.196716,14.73,4.31,223,251,"Urban"
2016,125,42.147518,-73.417557,15.19,2.05,235,250,"Rural"
2016,79,41.745537,-74.119392,16.95,3.49,188,89,"Rural"
2016,91,41.745537,-74.119392,16.95,3.49,188,89,"Rural"
2016,104,41.745537,-74.119392,16.95,3.49,188,89,"Rural"
2016,133,41.745537,-74.119392,16.95,3.49,188,89,"Rural"
2016,141,41.745537,-74.119392,16.95,3.49,188,89,"Rural"
2016,79,41.745537,-74.119392,16.95,3.49,188,89,"Rural"
2016,110,41.745537,-74.119392,16.95,3.49,188,89,"Rural"
2016,141,41.745537,-74.119392,16.95,3.49,188,89,"Rural"
2016,79,41.745537,-74.119392,16.95,3.49,188,89,"Rural"
2016,110,41.745537,-74.119392,16.95,3.49,188,89,"Rural"
2016,118,41.745537,-74.119392,16.95,3.49,188,89,"Rural"
2016,141,41.745537,-74.119392,16.95,3.49,188,89,"Rural"
2016,100,44.046768,-92.460548,14.25,2.74,255,721,"Urban"
2016,104,41.78577,-73.731003,16.37,3.29,193,126,"Rural"
2016,110,41.78577,-73.731003,16.37,3.29,193,126,"Rural"
2016,130,41.78577,-73.731003,16.37,3.29,193,126,"Rural"
2016,93,42.020794,-74.243362,15.44,1.89,196,254,"Rural"
2016,93,42.020794,-74.243362,15.44,1.89,196,254,"Rural"
2016,95,39.259186,-77.766342,17.37,5.47,288,296,"Rural"
2016,130,42.515305,-74.140076,13.41,-0.42,176,417,"Rural"
2016,75,30.794411,-86.533607,26.12,14.08,324,60,"Rural"
2016,117,30.794411,-86.533607,26.12,14.08,324,60,"Rural"
2016,67,30.794411,-86.533607,26.12,14.08,324,60,"Rural"
2016,46,38.216927,-85.762497,20.6,8.91,377,138,"Urban"
2016,63,38.216927,-85.762497,20.6,8.91,377,138,"Urban"
2016,49,35.485004,-82.534576,20.6,6.6,171,663,"Urban"
2016,78,35.485004,-82.534576,20.6,6.6,171,663,"Urban"
2016,70,35.485004,-82.534576,20.6,6.6,171,663,"Urban"
2016,97,35.485004,-82.534576,20.6,6.6,171,663,"Urban"
2016,112,40.669498,-73.965942,16.92,6.61,201,42,"Urban"
2016,127,44.892937,-68.723961,11.81,-0.22,264,46,"Rural"
2016,140,41.820065,-69.965591,12.33,5.17,297,0,"Rural"
2016,140,41.820065,-69.965591,12.33,5.17,297,0,"Rural"
2016,140,41.820065,-69.965591,12.33,5.17,297,0,"Rural"
2016,140,41.820065,-69.965591,12.33,5.17,297,0,"Rural"
2016,109,40.031715,-77.305557,16.48,4.43,215,260,"Rural"
2016,147,40.031715,-77.305557,16.48,4.43,215,260,"Rural"
2016,109,40.031715,-77.305557,16.48,4.43,215,260,"Rural"
2016,109,40.031715,-77.305557,16.48,4.43,215,260,"Rural"
2016,43,40.402924,-104.69751,17.73,1.84,195,1450,"Urban"
2016,48,40.402924,-104.69751,17.73,1.84,195,1450,"Urban"
2016,50,40.402924,-104.69751,17.73,1.84,195,1450,"Urban"
2016,53,40.402924,-104.69751,17.73,1.84,195,1450,"Urban"
2016,57,40.402924,-104.69751,17.73,1.84,195,1450,"Urban"
2016,62,40.402924,-104.69751,17.73,1.84,195,1450,"Urban"
2016,65,40.402924,-104.69751,17.73,1.84,195,1450,"Urban"
2016,77,40.402924,-104.69751,17.73,1.84,195,1450,"Urban"
2016,42,40.402924,-104.69751,17.73,1.84,195,1450,"Urban"
2016,48,40.402924,-104.69751,17.73,1.84,195,1450,"Urban"
2016,53,40.402924,-104.69751,17.73,1.84,195,1450,"Urban"
2016,56,40.402924,-104.69751,17.73,1.84,195,1450,"Urban"
2016,62,40.402924,-104.69751,17.73,1.84,195,1450,"Urban"
2016,65,40.402924,-104.69751,17.73,1.84,195,1450,"Urban"
2016,70,40.402924,-104.69751,17.73,1.84,195,1450,"Urban"
2016,77,40.402924,-104.69751,17.73,1.84,195,1450,"Urban"
2016,42,40.402924,-104.69751,17.73,1.84,195,1450,"Urban"
2016,53,40.402924,-104.69751,17.73,1.84,195,1450,"Urban"
2016,56,40.402924,-104.69751,17.73,1.84,195,1450,"Urban"
2016,61,40.402924,-104.69751,17.73,1.84,195,1450,"Urban"
2016,65,40.402924,-104.69751,17.73,1.84,195,1450,"Urban"
2016,77,40.402924,-104.69751,17.73,1.84,195,1450,"Urban"
2016,81,40.402924,-104.69751,17.73,1.84,195,1450,"Urban"
2016,42,40.402924,-104.69751,17.73,1.84,195,1450,"Urban"
2016,53,40.402924,-104.69751,17.73,1.84,195,1450,"Urban"
2016,56,40.402924,-104.69751,17.73,1.84,195,1450,"Urban"
2016,61,40.402924,-104.69751,17.73,1.84,195,1450,"Urban"
2016,65,40.402924,-104.69751,17.73,1.84,195,1450,"Urban"
2016,70,40.402924,-104.69751,17.73,1.84,195,1450,"Urban"
2016,77,40.402924,-104.69751,17.73,1.84,195,1450,"Urban"
2016,42,40.402924,-104.69751,17.73,1.84,195,1450,"Urban"
2016,53,40.402924,-104.69751,17.73,1.84,195,1450,"Urban"
2016,56,40.402924,-104.69751,17.73,1.84,195,1450,"Urban"
2016,61,40.402924,-104.69751,17.73,1.84,195,1450,"Urban"
2016,65,40.402924,-104.69751,17.73,1.84,195,1450,"Urban"
2016,70,40.402924,-104.69751,17.73,1.84,195,1450,"Urban"
2016,75,40.402924,-104.69751,17.73,1.84,195,1450,"Urban"
2016,77,40.402924,-104.69751,17.73,1.84,195,1450,"Urban"
2016,81,40.402924,-104.69751,17.73,1.84,195,1450,"Urban"
2016,42,40.402924,-104.69751,17.73,1.84,195,1450,"Urban"
2016,53,40.402924,-104.69751,17.73,1.84,195,1450,"Urban"
2016,56,40.402924,-104.69751,17.73,1.84,195,1450,"Urban"
2016,61,40.402924,-104.69751,17.73,1.84,195,1450,"Urban"
2016,65,40.402924,-104.69751,17.73,1.84,195,1450,"Urban"
2016,70,40.402924,-104.69751,17.73,1.84,195,1450,"Urban"
2016,77,40.402924,-104.69751,17.73,1.84,195,1450,"Urban"
2016,42,40.402924,-104.69751,17.73,1.84,195,1450,"Urban"
2016,53,40.402924,-104.69751,17.73,1.84,195,1450,"Urban"
2016,56,40.402924,-104.69751,17.73,1.84,195,1450,"Urban"
2016,61,40.402924,-104.69751,17.73,1.84,195,1450,"Urban"
2016,65,40.402924,-104.69751,17.73,1.84,195,1450,"Urban"
2016,77,40.402924,-104.69751,17.73,1.84,195,1450,"Urban"
2016,42,40.402924,-104.69751,17.73,1.84,195,1450,"Urban"
2016,53,40.402924,-104.69751,17.73,1.84,195,1450,"Urban"
2016,56,40.402924,-104.69751,17.73,1.84,195,1450,"Urban"
2016,61,40.402924,-104.69751,17.73,1.84,195,1450,"Urban"
2016,65,40.402924,-104.69751,17.73,1.84,195,1450,"Urban"
2016,77,40.402924,-104.69751,17.73,1.84,195,1450,"Urban"
2016,43,40.402924,-104.69751,17.73,1.84,195,1450,"Urban"
2016,48,40.402924,-104.69751,17.73,1.84,195,1450,"Urban"
2016,50,40.402924,-104.69751,17.73,1.84,195,1450,"Urban"
2016,53,40.402924,-104.69751,17.73,1.84,195,1450,"Urban"
2016,57,40.402924,-104.69751,17.73,1.84,195,1450,"Urban"
2016,62,40.402924,-104.69751,17.73,1.84,195,1450,"Urban"
2016,65,40.402924,-104.69751,17.73,1.84,195,1450,"Urban"
2016,70,40.402924,-104.69751,17.73,1.84,195,1450,"Urban"
2016,77,40.402924,-104.69751,17.73,1.84,195,1450,"Urban"
2016,42,40.402924,-104.69751,17.73,1.84,195,1450,"Urban"
2016,48,40.402924,-104.69751,17.73,1.84,195,1450,"Urban"
2016,53,40.402924,-104.69751,17.73,1.84,195,1450,"Urban"
2016,55,40.402924,-104.69751,17.73,1.84,195,1450,"Urban"
2016,62,40.402924,-104.69751,17.73,1.84,195,1450,"Urban"
2016,65,40.402924,-104.69751,17.73,1.84,195,1450,"Urban"
2016,70,40.402924,-104.69751,17.73,1.84,195,1450,"Urban"
2016,77,40.402924,-104.69751,17.73,1.84,195,1450,"Urban"
2016,95,35.57822,-82.557732,20.99,6.66,131,631,"Urban"
2016,83,36.621288,-81.148575,17.84,4.15,255,812,"Rural"
2016,116,36.621288,-81.148575,17.84,4.15,255,812,"Rural"
2016,83,36.621288,-81.148575,17.84,4.15,255,812,"Rural"
2016,83,36.621288,-81.148575,17.84,4.15,255,812,"Rural"
2016,83,36.621288,-81.148575,17.84,4.15,255,812,"Rural"
2016,116,36.621288,-81.148575,17.84,4.15,255,812,"Rural"
2016,97,35.497227,-82.608856,20.66,6.38,168,673,"Urban"
2016,90,35.497227,-82.608856,20.66,6.38,168,673,"Urban"
2016,88,44.957684,-93.303474,14.65,4.04,213,263,"Urban"
2016,123,42.275463,-73.59787,15.15,2.17,206,221,"Rural"
2016,118,42.275463,-73.59787,15.15,2.17,206,221,"Rural"
2016,51,35.230724,-82.729324,20.97,6.54,209,669,"Urban"
2016,51,35.230724,-82.729324,20.97,6.54,209,669,"Urban"
2016,88,36.615578,-88.321381,21.52,9.29,566,161,"Urban"
2016,102,36.615578,-88.321381,21.52,9.29,566,161,"Urban"
2016,88,36.615578,-88.321381,21.52,9.29,566,161,"Urban"
2016,102,36.615578,-88.321381,21.52,9.29,566,161,"Urban"
2016,88,36.615578,-88.321381,21.52,9.29,566,161,"Urban"
2016,88,36.615578,-88.321381,21.52,9.29,566,161,"Urban"
2016,95,36.615578,-88.321381,21.52,9.29,566,161,"Urban"
2016,114,41.856613,-73.620338,15.46,2.69,202,251,"Rural"
2016,107,45.324078,-93.891396,14.26,2.86,180,293,"Rural"
2016,110,39.980976,-82.411469,17.95,5.23,259,299,"Rural"
2016,88,39.264065,-77.769371,17.8,5.54,283,233,"Rural"
2016,95,39.264065,-77.769371,17.8,5.54,283,233,"Rural"
2016,131,44.41692,-68.511009,11.56,0.52,239,26,"Rural"
2016,130,43.821156,-69.593506,11.9,2.04,227,14,"Rural"
2016,130,43.821156,-69.593506,11.9,2.04,227,14,"Rural"
2016,136,42.270908,-73.59346,15.15,2.17,206,212,"Rural"
2016,136,42.270908,-73.59346,15.15,2.17,206,212,"Rural"
2017,105,42.283501,-83.771729,14.42,3.15,317,275,"Urban"
2017,84,40.866283,-73.875717,15.4,6.16,410,21,"Urban"
2017,106,40.866283,-73.875717,15.4,6.16,410,21,"Urban"
2017,120,40.866283,-73.875717,15.4,6.16,410,21,"Urban"
2017,84,40.866283,-73.875717,15.4,6.16,410,21,"Urban"
2017,103,40.866283,-73.875717,15.4,6.16,410,21,"Urban"
2017,106,40.866283,-73.875717,15.4,6.16,410,21,"Urban"
2017,120,40.866283,-73.875717,15.4,6.16,410,21,"Urban"
2017,82,40.866283,-73.875717,15.4,6.16,410,21,"Urban"
2017,103,40.866283,-73.875717,15.4,6.16,410,21,"Urban"
2017,120,40.866283,-73.875717,15.4,6.16,410,21,"Urban"
2017,103,40.866283,-73.875717,15.4,6.16,410,21,"Urban"
2017,127,47.143215,-93.431,10.54,-1.94,168,394,"Rural"
2017,95,36.440838,-84.323586,20.91,7.97,621,384,"Rural"
2017,95,36.440838,-84.323586,20.91,7.97,621,384,"Rural"
2017,95,36.440838,-84.323586,20.91,7.97,621,384,"Rural"
2017,92,36.902622,-76.206039,20.99,10.58,449,3,"Urban"
2017,92,36.904579,-76.19651,20.95,10.63,451,2,"Urban"
2017,92,36.90799,-76.196022,20.95,10.63,451,1,"Urban"
2017,124,45.195858,-70.45369,7.94,-3.41,301,360,"Rural"
2017,124,45.195858,-70.45369,7.94,-3.41,301,360,"Rural"
2017,117,43.012966,-73.649918,13.63,2.16,336,108,"Rural"
2017,117,43.012966,-73.649918,13.63,2.16,336,108,"Rural"
2017,117,43.012966,-73.649918,13.63,2.16,336,108,"Rural"
2017,107,42.456135,-72.344215,11.9,0.6,357,253,"Rural"
2017,117,43.078892,-85.627914,14.08,2.55,313,240,"Rural"
2017,117,43.078892,-85.627914,14.08,2.55,313,240,"Rural"
2017,117,43.078892,-85.627914,14.08,2.55,313,240,"Rural"
2017,105,43.522804,-70.802277,10.55,-0.89,419,207,"Rural"
2017,118,43.999718,-69.55117,10.74,0.95,332,28,"Rural"
2017,135,44.394394,-69.311577,9.57,-0.07,299,157,"Rural"
2017,91,41.745537,-74.119392,14.57,2.76,386,89,"Rural"
2017,98,41.745537,-74.119392,14.57,2.76,386,89,"Rural"
2017,104,41.745537,-74.119392,14.57,2.76,386,89,"Rural"
2017,91,41.745537,-74.119392,14.57,2.76,386,89,"Rural"
2017,98,41.745537,-74.119392,14.57,2.76,386,89,"Rural"
2017,105,41.745537,-74.119392,14.57,2.76,386,89,"Rural"
2017,115,41.745537,-74.119392,14.57,2.76,386,89,"Rural"
2017,91,41.745537,-74.119392,14.57,2.76,386,89,"Rural"
2017,98,41.745537,-74.119392,14.57,2.76,386,89,"Rural"
2017,105,41.745537,-74.119392,14.57,2.76,386,89,"Rural"
2017,122,41.745537,-74.119392,14.57,2.76,386,89,"Rural"
2017,100,41.78577,-73.731003,14.01,2.46,375,126,"Rural"
2017,107,41.78577,-73.731003,14.01,2.46,375,126,"Rural"
2017,116,41.78577,-73.731003,14.01,2.46,375,126,"Rural"
2017,101,42.020794,-74.243362,13.18,1.55,432,254,"Rural"
2017,101,42.020794,-74.243362,13.18,1.55,432,254,"Rural"
2017,72,30.794411,-86.533607,26.7,13.71,195,60,"Rural"
2017,59,30.794411,-86.533607,26.7,13.71,195,60,"Rural"
2017,87,37.227238,-80.424202,17.92,6.01,396,622,"Rural"
2017,86,38.216927,-85.762497,21.25,9.65,376,138,"Urban"
2017,86,38.216927,-85.762497,21.25,9.65,376,138,"Urban"
2017,108,40.669498,-73.965942,15.34,6.1,408,42,"Urban"
2017,108,40.669498,-73.965942,15.34,6.1,408,42,"Urban"
2017,108,40.669498,-73.965942,15.34,6.1,408,42,"Urban"
2017,93,39.085098,-79.458397,12.75,2.24,484,1118,"Rural"
2017,146,41.820065,-69.965591,11.18,4.25,349,0,"Rural"
2017,135,41.820065,-69.965591,11.18,4.25,349,0,"Rural"
2017,135,41.820065,-69.965591,11.18,4.25,349,0,"Rural"
2017,135,41.820065,-69.965591,11.18,4.25,349,0,"Rural"
2017,153,41.820065,-69.965591,11.18,4.25,349,0,"Rural"
2017,135,41.820065,-69.965591,11.18,4.25,349,0,"Rural"
2017,156,41.820065,-69.965591,11.18,4.25,349,0,"Rural"
2017,134,40.031715,-77.305557,15.66,4.48,351,260,"Rural"
2017,134,40.031715,-77.305557,15.66,4.48,351,260,"Rural"
2017,134,40.031715,-77.305557,15.66,4.48,351,260,"Rural"
2017,44,40.402924,-104.69751,20.25,2.52,241,1450,"Urban"
2017,51,40.402924,-104.69751,20.25,2.52,241,1450,"Urban"
2017,58,40.402924,-104.69751,20.25,2.52,241,1450,"Urban"
2017,61,40.402924,-104.69751,20.25,2.52,241,1450,"Urban"
2017,44,40.402924,-104.69751,20.25,2.52,241,1450,"Urban"
2017,47,40.402924,-104.69751,20.25,2.52,241,1450,"Urban"
2017,51,40.402924,-104.69751,20.25,2.52,241,1450,"Urban"
2017,54,40.402924,-104.69751,20.25,2.52,241,1450,"Urban"
2017,58,40.402924,-104.69751,20.25,2.52,241,1450,"Urban"
2017,61,40.402924,-104.69751,20.25,2.52,241,1450,"Urban"
2017,44,40.402924,-104.69751,20.25,2.52,241,1450,"Urban"
2017,47,40.402924,-104.69751,20.25,2.52,241,1450,"Urban"
2017,51,40.402924,-104.69751,20.25,2.52,241,1450,"Urban"
2017,54,40.402924,-104.69751,20.25,2.52,241,1450,"Urban"
2017,58,40.402924,-104.69751,20.25,2.52,241,1450,"Urban"
2017,61,40.402924,-104.69751,20.25,2.52,241,1450,"Urban"
2017,44,40.402924,-104.69751,20.25,2.52,241,1450,"Urban"
2017,47,40.402924,-104.69751,20.25,2.52,241,1450,"Urban"
2017,51,40.402924,-104.69751,20.25,2.52,241,1450,"Urban"
2017,54,40.402924,-104.69751,20.25,2.52,241,1450,"Urban"
2017,58,40.402924,-104.69751,20.25,2.52,241,1450,"Urban"
2017,61,40.402924,-104.69751,20.25,2.52,241,1450,"Urban"
2017,76,40.402924,-104.69751,20.25,2.52,241,1450,"Urban"
2017,44,40.402924,-104.69751,20.25,2.52,241,1450,"Urban"
2017,47,40.402924,-104.69751,20.25,2.52,241,1450,"Urban"
2017,51,40.402924,-104.69751,20.25,2.52,241,1450,"Urban"
2017,54,40.402924,-104.69751,20.25,2.52,241,1450,"Urban"
2017,59,40.402924,-104.69751,20.25,2.52,241,1450,"Urban"
2017,61,40.402924,-104.69751,20.25,2.52,241,1450,"Urban"
2017,76,40.402924,-104.69751,20.25,2.52,241,1450,"Urban"
2017,93,40.402924,-104.69751,20.25,2.52,241,1450,"Urban"
2017,96,40.402924,-104.69751,20.25,2.52,241,1450,"Urban"
2017,44,40.402924,-104.69751,20.25,2.52,241,1450,"Urban"
2017,51,40.402924,-104.69751,20.25,2.52,241,1450,"Urban"
2017,58,40.402924,-104.69751,20.25,2.52,241,1450,"Urban"
2017,61,40.402924,-104.69751,20.25,2.52,241,1450,"Urban"
2017,76,40.402924,-104.69751,20.25,2.52,241,1450,"Urban"
2017,44,40.402924,-104.69751,20.25,2.52,241,1450,"Urban"
2017,51,40.402924,-104.69751,20.25,2.52,241,1450,"Urban"
2017,58,40.402924,-104.69751,20.25,2.52,241,1450,"Urban"
2017,61,40.402924,-104.69751,20.25,2.52,241,1450,"Urban"
2017,44,40.402924,-104.69751,20.25,2.52,241,1450,"Urban"
2017,51,40.402924,-104.69751,20.25,2.52,241,1450,"Urban"
2017,58,40.402924,-104.69751,20.25,2.52,241,1450,"Urban"
2017,61,40.402924,-104.69751,20.25,2.52,241,1450,"Urban"
2017,96,40.402924,-104.69751,20.25,2.52,241,1450,"Urban"
2017,44,40.402924,-104.69751,20.25,2.52,241,1450,"Urban"
2017,51,40.402924,-104.69751,20.25,2.52,241,1450,"Urban"
2017,58,40.402924,-104.69751,20.25,2.52,241,1450,"Urban"
2017,61,40.402924,-104.69751,20.25,2.52,241,1450,"Urban"
2017,44,40.402924,-104.69751,20.25,2.52,241,1450,"Urban"
2017,47,40.402924,-104.69751,20.25,2.52,241,1450,"Urban"
2017,51,40.402924,-104.69751,20.25,2.52,241,1450,"Urban"
2017,54,40.402924,-104.69751,20.25,2.52,241,1450,"Urban"
2017,58,40.402924,-104.69751,20.25,2.52,241,1450,"Urban"
2017,61,40.402924,-104.69751,20.25,2.52,241,1450,"Urban"
2017,76,40.402924,-104.69751,20.25,2.52,241,1450,"Urban"
2017,100,40.402924,-104.69751,20.25,2.52,241,1450,"Urban"
2017,55,35.577221,-82.600479,20.3,7.02,444,654,"Urban"
2017,83,35.57822,-82.557732,20.45,7.34,446,631,"Urban"
2017,95,35.497227,-82.608856,20.13,6.92,469,673,"Urban"
2017,95,35.497227,-82.608856,20.13,6.92,469,673,"Urban"
2017,114,42.275463,-73.59787,12.84,1.51,348,221,"Rural"
2017,114,42.275463,-73.59787,12.84,1.51,348,221,"Rural"
2017,123,36.615578,-88.321381,21.92,9.88,504,161,"Urban"
2017,88,36.615578,-88.321381,21.92,9.88,504,161,"Urban"
2017,88,36.615578,-88.321381,21.92,9.88,504,161,"Urban"
2017,88,36.615578,-88.321381,21.92,9.88,504,161,"Urban"
2017,95,36.615578,-88.321381,21.92,9.88,504,161,"Urban"
2017,104,41.866013,-73.953369,14.48,2.58,389,11,"Rural"
2017,108,41.866013,-73.953369,14.48,2.58,389,11,"Rural"
2017,117,42.270908,-73.59346,12.84,1.51,348,212,"Rural"
2017,117,42.757748,-75.664848,10.89,0.02,459,452,"Rural"
2017,54,40.665085,-73.963432,15.42,6.27,398,28,"Urban"
2017,101,40.665085,-73.963432,15.42,6.27,398,28,"Urban"
2017,137,43.825253,-70.287125,10.68,0.49,377,55,"Rural"
2017,123,44.94603,-93.243683,12.93,2.64,283,262,"Urban"
2017,69,30.321651,-89.936882,26.27,15.16,478,0,"Urban"
2017,69,30.321651,-89.936882,26.27,15.16,478,0,"Urban"
2017,69,30.321651,-89.936882,26.27,15.16,478,0,"Urban"
2017,69,30.321651,-89.936882,26.27,15.16,478,0,"Urban"
2017,82,30.321651,-89.936882,26.27,15.16,478,0,"Urban"
2017,74,30.321651,-89.936882,26.27,15.16,478,0,"Urban"
2017,53,30.321651,-89.936882,26.27,15.16,478,0,"Urban"
2017,74,30.321651,-89.936882,26.27,15.16,478,0,"Urban"
2017,82,30.321651,-89.936882,26.27,15.16,478,0,"Urban"
2017,74,30.321651,-89.936882,26.27,15.16,478,0,"Urban"
2017,82,30.321651,-89.936882,26.27,15.16,478,0,"Urban"
2017,107,46.933422,-92.138855,9.08,-2.42,252,421,"Rural"
2017,86,35.608395,-82.446205,20.05,7.36,505,640,"Rural"
2017,86,35.608395,-82.446205,20.05,7.36,505,640,"Rural"
2017,86,35.608395,-82.446205,20.05,7.36,505,640,"Rural"
2017,62,30.05377,-89.880486,25.98,16.35,504,0,"Urban"
2017,74,30.05377,-89.880486,25.98,16.35,504,0,"Urban"
2017,87,37.22905,-80.418045,17.92,6.01,396,627,"Urban"
2017,110,42.346191,-72.501717,13.66,1.95,335,51,"Rural"
2017,116,42.346191,-72.501717,13.66,1.95,335,51,"Rural"
2017,87,37.228481,-80.4226,17.92,6.01,396,625,"Urban"
2018,121,42.283501,-83.771729,NA,NA,NA,275,"Urban"
2018,111,40.866283,-73.875717,NA,NA,NA,21,"Urban"
2018,111,40.866283,-73.875717,NA,NA,NA,21,"Urban"
2018,116,40.866283,-73.875717,NA,NA,NA,21,"Urban"
2018,111,40.866283,-73.875717,NA,NA,NA,21,"Urban"
2018,116,40.866283,-73.875717,NA,NA,NA,21,"Urban"
2018,120,47.143215,-93.431,NA,NA,NA,394,"Rural"
2018,146,47.143215,-93.431,NA,NA,NA,394,"Rural"
2018,93,36.440838,-84.323586,NA,NA,NA,384,"Rural"
2018,90,36.440838,-84.323586,NA,NA,NA,384,"Rural"
2018,93,36.440838,-84.323586,NA,NA,NA,384,"Rural"
2018,95,36.902622,-76.206039,NA,NA,NA,3,"Urban"
2018,95,36.904579,-76.19651,19.63,9.42,396,2,"Urban"
2018,124,45.195858,-70.45369,NA,NA,NA,360,"Rural"
2018,124,45.195858,-70.45369,NA,NA,NA,360,"Rural"
2018,129,43.012966,-73.649918,NA,NA,NA,108,"Rural"
2018,129,43.012966,-73.649918,NA,NA,NA,108,"Rural"
2018,129,43.012966,-73.649918,NA,NA,NA,108,"Rural"
2018,124,42.456135,-72.344215,12.53,0.21,356,253,"Rural"
2018,123,43.078892,-85.627914,NA,NA,NA,240,"Rural"
2018,123,43.078892,-85.627914,NA,NA,NA,240,"Rural"
2018,109,43.522804,-70.802277,NA,NA,NA,207,"Rural"
2018,105,43.999718,-69.55117,NA,NA,NA,28,"Rural"
2018,78,41.745537,-74.119392,NA,NA,NA,89,"Rural"
2018,113,41.745537,-74.119392,NA,NA,NA,89,"Rural"
2018,116,41.745537,-74.119392,NA,NA,NA,89,"Rural"
2018,121,41.745537,-74.119392,NA,NA,NA,89,"Rural"
2018,118,41.745537,-74.119392,NA,NA,NA,89,"Rural"
2018,103,41.78577,-73.731003,NA,NA,NA,126,"Rural"
2018,117,41.78577,-73.731003,NA,NA,NA,126,"Rural"
2018,122,41.78577,-73.731003,NA,NA,NA,126,"Rural"
2018,103,41.78577,-73.731003,NA,NA,NA,126,"Rural"
2018,117,41.78577,-73.731003,NA,NA,NA,126,"Rural"
2018,122,41.78577,-73.731003,NA,NA,NA,126,"Rural"
2018,99,42.515305,-74.140076,NA,NA,NA,417,"Rural"
2018,127,42.515305,-74.140076,NA,NA,NA,417,"Rural"
2018,96,38.216927,-85.762497,NA,NA,NA,138,"Urban"
2018,104,40.669498,-73.965942,NA,NA,NA,42,"Urban"
2018,104,40.669498,-73.965942,NA,NA,NA,42,"Urban"
2018,104,40.669498,-73.965942,NA,NA,NA,42,"Urban"
2018,115,42.366829,-71.257408,NA,NA,NA,53,"Urban"
2018,115,42.366829,-71.257408,NA,NA,NA,53,"Urban"
2018,115,42.366829,-71.257408,NA,NA,NA,53,"Urban"
2018,115,42.366829,-71.257408,NA,NA,NA,53,"Urban"
2018,112,42.423668,-76.331558,NA,NA,NA,432,"Rural"
2018,122,42.423668,-76.331558,NA,NA,NA,432,"Rural"
2018,134,42.423668,-76.331558,NA,NA,NA,432,"Rural"
2018,44,40.402924,-104.69751,14.86,0.15,156,1450,"Urban"
2018,47,40.402924,-104.69751,14.86,0.15,156,1450,"Urban"
2018,51,40.402924,-104.69751,14.86,0.15,156,1450,"Urban"
2018,58,40.402924,-104.69751,14.86,0.15,156,1450,"Urban"
2018,65,40.402924,-104.69751,14.86,0.15,156,1450,"Urban"
2018,79,40.402924,-104.69751,14.86,0.15,156,1450,"Urban"
2018,85,40.402924,-104.69751,14.86,0.15,156,1450,"Urban"
2018,99,40.402924,-104.69751,14.86,0.15,156,1450,"Urban"
2018,44,40.402924,-104.69751,14.86,0.15,156,1450,"Urban"
2018,51,40.402924,-104.69751,14.86,0.15,156,1450,"Urban"
2018,58,40.402924,-104.69751,14.86,0.15,156,1450,"Urban"
2018,65,40.402924,-104.69751,14.86,0.15,156,1450,"Urban"
2018,79,40.402924,-104.69751,14.86,0.15,156,1450,"Urban"
2018,85,40.402924,-104.69751,14.86,0.15,156,1450,"Urban"
2018,99,40.402924,-104.69751,14.86,0.15,156,1450,"Urban"
2018,44,40.402924,-104.69751,14.86,0.15,156,1450,"Urban"
2018,51,40.402924,-104.69751,14.86,0.15,156,1450,"Urban"
2018,58,40.402924,-104.69751,14.86,0.15,156,1450,"Urban"
2018,65,40.402924,-104.69751,14.86,0.15,156,1450,"Urban"
2018,70,40.402924,-104.69751,14.86,0.15,156,1450,"Urban"
2018,79,40.402924,-104.69751,14.86,0.15,156,1450,"Urban"
2018,85,40.402924,-104.69751,14.86,0.15,156,1450,"Urban"
2018,44,40.402924,-104.69751,14.86,0.15,156,1450,"Urban"
2018,51,40.402924,-104.69751,14.86,0.15,156,1450,"Urban"
2018,58,40.402924,-104.69751,14.86,0.15,156,1450,"Urban"
2018,65,40.402924,-104.69751,14.86,0.15,156,1450,"Urban"
2018,70,40.402924,-104.69751,14.86,0.15,156,1450,"Urban"
2018,79,40.402924,-104.69751,14.86,0.15,156,1450,"Urban"
2018,85,40.402924,-104.69751,14.86,0.15,156,1450,"Urban"
2018,44,40.402924,-104.69751,14.86,0.15,156,1450,"Urban"
2018,51,40.402924,-104.69751,14.86,0.15,156,1450,"Urban"
2018,58,40.402924,-104.69751,14.86,0.15,156,1450,"Urban"
2018,65,40.402924,-104.69751,14.86,0.15,156,1450,"Urban"
2018,79,40.402924,-104.69751,14.86,0.15,156,1450,"Urban"
2018,85,40.402924,-104.69751,14.86,0.15,156,1450,"Urban"
2018,101,40.402924,-104.69751,14.86,0.15,156,1450,"Urban"
2018,44,40.402924,-104.69751,14.86,0.15,156,1450,"Urban"
2018,47,40.402924,-104.69751,14.86,0.15,156,1450,"Urban"
2018,51,40.402924,-104.69751,14.86,0.15,156,1450,"Urban"
2018,58,40.402924,-104.69751,14.86,0.15,156,1450,"Urban"
2018,65,40.402924,-104.69751,14.86,0.15,156,1450,"Urban"
2018,75,40.402924,-104.69751,14.86,0.15,156,1450,"Urban"
2018,79,40.402924,-104.69751,14.86,0.15,156,1450,"Urban"
2018,85,40.402924,-104.69751,14.86,0.15,156,1450,"Urban"
2018,96,40.402924,-104.69751,14.86,0.15,156,1450,"Urban"
2018,99,40.402924,-104.69751,14.86,0.15,156,1450,"Urban"
2018,44,40.402924,-104.69751,14.86,0.15,156,1450,"Urban"
2018,47,40.402924,-104.69751,14.86,0.15,156,1450,"Urban"
2018,51,40.402924,-104.69751,14.86,0.15,156,1450,"Urban"
2018,58,40.402924,-104.69751,14.86,0.15,156,1450,"Urban"
2018,65,40.402924,-104.69751,14.86,0.15,156,1450,"Urban"
2018,75,40.402924,-104.69751,14.86,0.15,156,1450,"Urban"
2018,79,40.402924,-104.69751,14.86,0.15,156,1450,"Urban"
2018,85,40.402924,-104.69751,14.86,0.15,156,1450,"Urban"
2018,99,40.402924,-104.69751,14.86,0.15,156,1450,"Urban"
2018,44,40.402924,-104.69751,14.86,0.15,156,1450,"Urban"
2018,47,40.402924,-104.69751,14.86,0.15,156,1450,"Urban"
2018,51,40.402924,-104.69751,14.86,0.15,156,1450,"Urban"
2018,58,40.402924,-104.69751,14.86,0.15,156,1450,"Urban"
2018,65,40.402924,-104.69751,14.86,0.15,156,1450,"Urban"
2018,68,40.402924,-104.69751,14.86,0.15,156,1450,"Urban"
2018,79,40.402924,-104.69751,14.86,0.15,156,1450,"Urban"
2018,85,40.402924,-104.69751,14.86,0.15,156,1450,"Urban"
2018,96,40.402924,-104.69751,14.86,0.15,156,1450,"Urban"
2018,99,40.402924,-104.69751,14.86,0.15,156,1450,"Urban"
2018,44,40.402924,-104.69751,14.86,0.15,156,1450,"Urban"
2018,47,40.402924,-104.69751,14.86,0.15,156,1450,"Urban"
2018,51,40.402924,-104.69751,14.86,0.15,156,1450,"Urban"
2018,58,40.402924,-104.69751,14.86,0.15,156,1450,"Urban"
2018,65,40.402924,-104.69751,14.86,0.15,156,1450,"Urban"
2018,79,40.402924,-104.69751,14.86,0.15,156,1450,"Urban"
2018,85,40.402924,-104.69751,14.86,0.15,156,1450,"Urban"
2018,99,40.402924,-104.69751,14.86,0.15,156,1450,"Urban"
2018,44,40.402924,-104.69751,14.86,0.15,156,1450,"Urban"
2018,51,40.402924,-104.69751,14.86,0.15,156,1450,"Urban"
2018,56,40.402924,-104.69751,14.86,0.15,156,1450,"Urban"
2018,58,40.402924,-104.69751,14.86,0.15,156,1450,"Urban"
2018,65,40.402924,-104.69751,14.86,0.15,156,1450,"Urban"
2018,73,40.402924,-104.69751,14.86,0.15,156,1450,"Urban"
2018,79,40.402924,-104.69751,14.86,0.15,156,1450,"Urban"
2018,85,40.402924,-104.69751,14.86,0.15,156,1450,"Urban"
2018,99,40.402924,-104.69751,14.86,0.15,156,1450,"Urban"
2018,88,35.497227,-82.608856,NA,NA,NA,673,"Urban"
2018,88,35.497227,-82.608856,NA,NA,NA,673,"Urban"
2018,117,35.497227,-82.608856,NA,NA,NA,673,"Urban"
2018,123,42.275463,-73.59787,NA,NA,NA,221,"Rural"
2018,123,42.275463,-73.59787,NA,NA,NA,221,"Rural"
2018,121,41.866013,-73.953369,0,0,0,11,"Rural"
2018,121,41.866013,-73.953369,0,0,0,11,"Rural"
2018,124,41.866013,-73.953369,0,0,0,11,"Rural"
2018,123,42.270908,-73.59346,NA,NA,NA,212,"Rural"
2018,131,42.757748,-75.664848,NA,NA,NA,452,"Rural"
2018,131,43.825253,-70.287125,NA,NA,NA,55,"Rural"
2018,57,30.321651,-89.936882,NA,NA,NA,0,"Urban"
2018,79,30.321651,-89.936882,NA,NA,NA,0,"Urban"
2018,79,30.321651,-89.936882,NA,NA,NA,0,"Urban"
2018,79,30.321651,-89.936882,NA,NA,NA,0,"Urban"
2018,79,30.321651,-89.936882,NA,NA,NA,0,"Urban"
2018,57,30.321651,-89.936882,NA,NA,NA,0,"Urban"
2018,57,30.321651,-89.936882,NA,NA,NA,0,"Urban"
2018,64,30.321651,-89.936882,NA,NA,NA,0,"Urban"
2018,64,30.321651,-89.936882,NA,NA,NA,0,"Urban"
2018,62,35.608395,-82.446205,NA,NA,NA,640,"Rural"
2018,118,35.608395,-82.446205,NA,NA,NA,640,"Rural"
2018,52,30.05377,-89.880486,NA,NA,NA,0,"Urban"
2018,65,30.05377,-89.880486,NA,NA,NA,0,"Urban"
2018,65,30.05377,-89.880486,NA,NA,NA,0,"Urban"
2018,65,30.05377,-89.880486,NA,NA,NA,0,"Urban"
2018,65,30.05377,-89.880486,NA,NA,NA,0,"Urban"
2018,109,45.668575,-69.795753,NA,NA,NA,325,"Rural"
2018,65,30.414787,-88.542595,NA,NA,NA,0,"Urban"
2018,142,30.414787,-88.542595,NA,NA,NA,0,"Urban"
2018,79,30.414787,-88.542595,NA,NA,NA,0,"Urban"
2018,114,38.730068,-75.365211,NA,NA,NA,11,"Rural"
2018,99,42.279087,-85.613754,NA,NA,NA,257,"Urban"
2018,106,42.279087,-85.613754,NA,NA,NA,257,"Urban"
2018,108,42.279087,-85.613754,NA,NA,NA,257,"Urban"
2018,107,42.279087,-85.613754,NA,NA,NA,257,"Urban"
2018,60,30.50215,-89.666794,NA,NA,NA,18,"Urban"
2018,83,30.50215,-89.666794,NA,NA,NA,18,"Urban"
2018,60,30.50215,-89.666794,NA,NA,NA,18,"Urban"
2018,61,30.50215,-89.666794,NA,NA,NA,18,"Urban"
2018,54,38.987526,-76.936134,NA,NA,NA,20,"Rural"
2018,102,38.987526,-76.936134,NA,NA,NA,20,"Rural"
2018,95,38.987526,-76.936134,NA,NA,NA,20,"Rural"
2018,107,38.987526,-76.936134,NA,NA,NA,20,"Rural"
2018,57,29.796217,-90.82502,25.05,14.51,981,2,"Urban"
2018,66,29.796217,-90.82502,25.05,14.51,981,2,"Urban"
2018,95,37.006676,-76.445213,NA,NA,NA,11,"Urban"
2018,74,41.999859,-87.656418,NA,NA,NA,175,"Urban"
2018,114,37.225636,-80.416168,NA,NA,NA,640,"Urban"
2018,123,44.116875,-69.119713,11.02,1.17,308,32,"Urban"
2018,116,44.116875,-69.119713,11.02,1.17,308,32,"Urban"
2018,92,38.908012,-77.072189,18.69,6.34,346,41,"Urban"
2018,96,39.148769,-76.801849,17.38,7.09,349,78,"Urban"
2019,111,42.283501,-83.771729,NA,NA,NA,275,"Urban"
2019,94,40.866283,-73.875717,NA,NA,NA,21,"Urban"
2019,101,40.866283,-73.875717,NA,NA,NA,21,"Urban"
2019,108,40.866283,-73.875717,NA,NA,NA,21,"Urban"
2019,115,40.866283,-73.875717,NA,NA,NA,21,"Urban"
2019,101,40.866283,-73.875717,NA,NA,NA,21,"Urban"
2019,108,40.866283,-73.875717,NA,NA,NA,21,"Urban"
2019,115,40.866283,-73.875717,NA,NA,NA,21,"Urban"
2019,101,40.866283,-73.875717,NA,NA,NA,21,"Urban"
2019,108,40.866283,-73.875717,NA,NA,NA,21,"Urban"
2019,108,40.866283,-73.875717,NA,NA,NA,21,"Urban"
2019,122,40.866283,-73.875717,NA,NA,NA,21,"Urban"
2019,136,40.866283,-73.875717,NA,NA,NA,21,"Urban"
2019,131,47.143215,-93.431,NA,NA,NA,394,"Rural"
2019,87,36.440838,-84.323586,NA,NA,NA,384,"Rural"
2019,96,36.440838,-84.323586,NA,NA,NA,384,"Rural"
2019,87,36.440838,-84.323586,NA,NA,NA,384,"Rural"
2019,87,36.440838,-84.323586,NA,NA,NA,384,"Rural"
2019,142,45.195858,-70.45369,NA,NA,NA,360,"Rural"
2019,142,45.195858,-70.45369,NA,NA,NA,360,"Rural"
2019,120,43.012966,-73.649918,NA,NA,NA,108,"Rural"
2019,120,43.012966,-73.649918,NA,NA,NA,108,"Rural"
2019,120,43.012966,-73.649918,NA,NA,NA,108,"Rural"
2019,111,42.456135,-72.344215,NA,NA,NA,253,"Rural"
2019,132,43.078892,-85.627914,NA,NA,NA,240,"Rural"
2019,132,43.078892,-85.627914,NA,NA,NA,240,"Rural"
2019,132,43.078892,-85.627914,NA,NA,NA,240,"Rural"
2019,112,43.522804,-70.802277,NA,NA,NA,207,"Rural"
2019,139,43.522804,-70.802277,NA,NA,NA,207,"Rural"
2019,111,43.999718,-69.55117,NA,NA,NA,28,"Rural"
2019,113,44.394394,-69.311577,NA,NA,NA,157,"Rural"
2019,106,41.745537,-74.119392,NA,NA,NA,89,"Rural"
2019,126,41.745537,-74.119392,NA,NA,NA,89,"Rural"
2019,92,41.745537,-74.119392,NA,NA,NA,89,"Rural"
2019,113,41.745537,-74.119392,NA,NA,NA,89,"Rural"
2019,126,41.745537,-74.119392,NA,NA,NA,89,"Rural"
2019,138,41.745537,-74.119392,NA,NA,NA,89,"Rural"
2019,106,41.745537,-74.119392,NA,NA,NA,89,"Rural"
2019,113,41.745537,-74.119392,NA,NA,NA,89,"Rural"
2019,92,41.745537,-74.119392,NA,NA,NA,89,"Rural"
2019,106,41.745537,-74.119392,NA,NA,NA,89,"Rural"
2019,100,40.709988,-81.885353,NA,NA,NA,327,"Rural"
2019,107,41.78577,-73.731003,NA,NA,NA,126,"Rural"
2019,112,41.78577,-73.731003,NA,NA,NA,126,"Rural"
2019,107,41.78577,-73.731003,NA,NA,NA,126,"Rural"
2019,109,41.78577,-73.731003,NA,NA,NA,126,"Rural"
2019,123,41.78577,-73.731003,NA,NA,NA,126,"Rural"
2019,110,42.515305,-74.140076,NA,NA,NA,417,"Rural"
2019,102,40.669498,-73.965942,NA,NA,NA,42,"Urban"
2019,102,40.669498,-73.965942,NA,NA,NA,42,"Urban"
2019,102,40.669498,-73.965942,NA,NA,NA,42,"Urban"
2019,71,42.366829,-71.257408,NA,NA,NA,53,"Urban"
2019,77,42.366829,-71.257408,NA,NA,NA,53,"Urban"
2019,82,42.366829,-71.257408,NA,NA,NA,53,"Urban"
2019,86,42.366829,-71.257408,NA,NA,NA,53,"Urban"
2019,90,42.366829,-71.257408,NA,NA,NA,53,"Urban"
2019,94,42.366829,-71.257408,NA,NA,NA,53,"Urban"
2019,105,42.366829,-71.257408,NA,NA,NA,53,"Urban"
2019,82,42.366829,-71.257408,NA,NA,NA,53,"Urban"
2019,86,42.366829,-71.257408,NA,NA,NA,53,"Urban"
2019,90,42.366829,-71.257408,NA,NA,NA,53,"Urban"
2019,94,42.366829,-71.257408,NA,NA,NA,53,"Urban"
2019,101,42.366829,-71.257408,NA,NA,NA,53,"Urban"
2019,106,42.366829,-71.257408,NA,NA,NA,53,"Urban"
2019,82,42.366829,-71.257408,NA,NA,NA,53,"Urban"
2019,72,42.366829,-71.257408,NA,NA,NA,53,"Urban"
2019,98,42.366829,-71.257408,NA,NA,NA,53,"Urban"
2019,72,42.366829,-71.257408,NA,NA,NA,53,"Urban"
2019,98,42.366829,-71.257408,NA,NA,NA,53,"Urban"
2019,91,42.366829,-71.257408,NA,NA,NA,53,"Urban"
2019,68,42.366829,-71.257408,NA,NA,NA,53,"Urban"
2019,74,42.366829,-71.257408,NA,NA,NA,53,"Urban"
2019,91,42.366829,-71.257408,NA,NA,NA,53,"Urban"
2019,68,42.366829,-71.257408,NA,NA,NA,53,"Urban"
2019,68,42.366829,-71.257408,NA,NA,NA,53,"Urban"
2019,74,42.366829,-71.257408,NA,NA,NA,53,"Urban"
2019,82,42.366829,-71.257408,NA,NA,NA,53,"Urban"
2019,75,42.366829,-71.257408,NA,NA,NA,53,"Urban"
2019,82,42.366829,-71.257408,NA,NA,NA,53,"Urban"
2019,86,42.366829,-71.257408,NA,NA,NA,53,"Urban"
2019,82,42.366829,-71.257408,NA,NA,NA,53,"Urban"
2019,88,42.366829,-71.257408,NA,NA,NA,53,"Urban"
2019,88,42.366829,-71.257408,NA,NA,NA,53,"Urban"
2019,94,42.303822,-71.120308,NA,NA,NA,13,"Urban"
2019,101,42.303822,-71.120308,NA,NA,NA,13,"Urban"
2019,103,42.303822,-71.120308,NA,NA,NA,13,"Urban"
2019,115,42.303822,-71.120308,NA,NA,NA,13,"Urban"
2019,125,42.303822,-71.120308,NA,NA,NA,13,"Urban"
2019,133,42.303822,-71.120308,NA,NA,NA,13,"Urban"
2019,142,42.303822,-71.120308,NA,NA,NA,13,"Urban"
2019,150,42.303822,-71.120308,NA,NA,NA,13,"Urban"
2019,157,42.303822,-71.120308,NA,NA,NA,13,"Urban"
2019,89,42.303822,-71.120308,NA,NA,NA,13,"Urban"
2019,94,42.303822,-71.120308,NA,NA,NA,13,"Urban"
2019,101,42.303822,-71.120308,NA,NA,NA,13,"Urban"
2019,103,42.303822,-71.120308,NA,NA,NA,13,"Urban"
2019,126,42.303822,-71.120308,NA,NA,NA,13,"Urban"
2019,133,42.303822,-71.120308,NA,NA,NA,13,"Urban"
2019,138,42.303822,-71.120308,NA,NA,NA,13,"Urban"
2019,150,42.303822,-71.120308,NA,NA,NA,13,"Urban"
2019,157,42.303822,-71.120308,NA,NA,NA,13,"Urban"
2019,91,42.303822,-71.120308,NA,NA,NA,13,"Urban"
2019,101,42.303822,-71.120308,NA,NA,NA,13,"Urban"
2019,103,42.303822,-71.120308,NA,NA,NA,13,"Urban"
2019,107,42.303822,-71.120308,NA,NA,NA,13,"Urban"
2019,133,42.303822,-71.120308,NA,NA,NA,13,"Urban"
2019,142,42.303822,-71.120308,NA,NA,NA,13,"Urban"
2019,150,42.303822,-71.120308,NA,NA,NA,13,"Urban"
2019,155,42.303822,-71.120308,NA,NA,NA,13,"Urban"
2019,101,42.303822,-71.120308,NA,NA,NA,13,"Urban"
2019,107,42.303822,-71.120308,NA,NA,NA,13,"Urban"
2019,125,42.303822,-71.120308,NA,NA,NA,13,"Urban"
2019,133,42.303822,-71.120308,NA,NA,NA,13,"Urban"
2019,150,42.303822,-71.120308,NA,NA,NA,13,"Urban"
2019,157,42.303822,-71.120308,NA,NA,NA,13,"Urban"
2019,101,42.303822,-71.120308,NA,NA,NA,13,"Urban"
2019,106,42.303822,-71.120308,NA,NA,NA,13,"Urban"
2019,115,42.303822,-71.120308,NA,NA,NA,13,"Urban"
2019,126,42.303822,-71.120308,NA,NA,NA,13,"Urban"
2019,133,42.303822,-71.120308,NA,NA,NA,13,"Urban"
2019,142,42.303822,-71.120308,NA,NA,NA,13,"Urban"
2019,157,42.303822,-71.120308,NA,NA,NA,13,"Urban"
2019,43,40.402924,-104.69751,14.86,0.15,156,1450,"Urban"
2019,50,40.402924,-104.69751,14.86,0.15,156,1450,"Urban"
2019,52,40.402924,-104.69751,14.86,0.15,156,1450,"Urban"
2019,59,40.402924,-104.69751,14.86,0.15,156,1450,"Urban"
2019,77,40.402924,-104.69751,14.86,0.15,156,1450,"Urban"
2019,91,40.402924,-104.69751,14.86,0.15,156,1450,"Urban"
2019,50,40.402924,-104.69751,14.86,0.15,156,1450,"Urban"
2019,52,40.402924,-104.69751,14.86,0.15,156,1450,"Urban"
2019,57,40.402924,-104.69751,14.86,0.15,156,1450,"Urban"
2019,59,40.402924,-104.69751,14.86,0.15,156,1450,"Urban"
2019,64,40.402924,-104.69751,14.86,0.15,156,1450,"Urban"
2019,77,40.402924,-104.69751,14.86,0.15,156,1450,"Urban"
2019,80,40.402924,-104.69751,14.86,0.15,156,1450,"Urban"
2019,85,40.402924,-104.69751,14.86,0.15,156,1450,"Urban"
2019,88,40.402924,-104.69751,14.86,0.15,156,1450,"Urban"
2019,105,40.402924,-104.69751,14.86,0.15,156,1450,"Urban"
2019,107,40.402924,-104.69751,14.86,0.15,156,1450,"Urban"
2019,43,40.402924,-104.69751,14.86,0.15,156,1450,"Urban"
2019,50,40.402924,-104.69751,14.86,0.15,156,1450,"Urban"
2019,52,40.402924,-104.69751,14.86,0.15,156,1450,"Urban"
2019,57,40.402924,-104.69751,14.86,0.15,156,1450,"Urban"
2019,59,40.402924,-104.69751,14.86,0.15,156,1450,"Urban"
2019,77,40.402924,-104.69751,14.86,0.15,156,1450,"Urban"
2019,80,40.402924,-104.69751,14.86,0.15,156,1450,"Urban"
2019,85,40.402924,-104.69751,14.86,0.15,156,1450,"Urban"
2019,88,40.402924,-104.69751,14.86,0.15,156,1450,"Urban"
2019,105,40.402924,-104.69751,14.86,0.15,156,1450,"Urban"
2019,107,40.402924,-104.69751,14.86,0.15,156,1450,"Urban"
2019,43,40.402924,-104.69751,14.86,0.15,156,1450,"Urban"
2019,50,40.402924,-104.69751,14.86,0.15,156,1450,"Urban"
2019,52,40.402924,-104.69751,14.86,0.15,156,1450,"Urban"
2019,57,40.402924,-104.69751,14.86,0.15,156,1450,"Urban"
2019,59,40.402924,-104.69751,14.86,0.15,156,1450,"Urban"
2019,66,40.402924,-104.69751,14.86,0.15,156,1450,"Urban"
2019,77,40.402924,-104.69751,14.86,0.15,156,1450,"Urban"
2019,80,40.402924,-104.69751,14.86,0.15,156,1450,"Urban"
2019,88,40.402924,-104.69751,14.86,0.15,156,1450,"Urban"
2019,105,40.402924,-104.69751,14.86,0.15,156,1450,"Urban"
2019,107,40.402924,-104.69751,14.86,0.15,156,1450,"Urban"
2019,43,40.402924,-104.69751,14.86,0.15,156,1450,"Urban"
2019,50,40.402924,-104.69751,14.86,0.15,156,1450,"Urban"
2019,52,40.402924,-104.69751,14.86,0.15,156,1450,"Urban"
2019,57,40.402924,-104.69751,14.86,0.15,156,1450,"Urban"
2019,59,40.402924,-104.69751,14.86,0.15,156,1450,"Urban"
2019,77,40.402924,-104.69751,14.86,0.15,156,1450,"Urban"
2019,80,40.402924,-104.69751,14.86,0.15,156,1450,"Urban"
2019,84,40.402924,-104.69751,14.86,0.15,156,1450,"Urban"
2019,87,40.402924,-104.69751,14.86,0.15,156,1450,"Urban"
2019,101,40.402924,-104.69751,14.86,0.15,156,1450,"Urban"
2019,105,40.402924,-104.69751,14.86,0.15,156,1450,"Urban"
2019,107,40.402924,-104.69751,14.86,0.15,156,1450,"Urban"
2019,43,40.402924,-104.69751,14.86,0.15,156,1450,"Urban"
2019,50,40.402924,-104.69751,14.86,0.15,156,1450,"Urban"
2019,52,40.402924,-104.69751,14.86,0.15,156,1450,"Urban"
2019,57,40.402924,-104.69751,14.86,0.15,156,1450,"Urban"
2019,59,40.402924,-104.69751,14.86,0.15,156,1450,"Urban"
2019,64,40.402924,-104.69751,14.86,0.15,156,1450,"Urban"
2019,77,40.402924,-104.69751,14.86,0.15,156,1450,"Urban"
2019,80,40.402924,-104.69751,14.86,0.15,156,1450,"Urban"
2019,85,40.402924,-104.69751,14.86,0.15,156,1450,"Urban"
2019,87,40.402924,-104.69751,14.86,0.15,156,1450,"Urban"
2019,105,40.402924,-104.69751,14.86,0.15,156,1450,"Urban"
2019,107,40.402924,-104.69751,14.86,0.15,156,1450,"Urban"
2019,43,40.402924,-104.69751,14.86,0.15,156,1450,"Urban"
2019,50,40.402924,-104.69751,14.86,0.15,156,1450,"Urban"
2019,52,40.402924,-104.69751,14.86,0.15,156,1450,"Urban"
2019,57,40.402924,-104.69751,14.86,0.15,156,1450,"Urban"
2019,59,40.402924,-104.69751,14.86,0.15,156,1450,"Urban"
2019,66,40.402924,-104.69751,14.86,0.15,156,1450,"Urban"
2019,77,40.402924,-104.69751,14.86,0.15,156,1450,"Urban"
2019,80,40.402924,-104.69751,14.86,0.15,156,1450,"Urban"
2019,85,40.402924,-104.69751,14.86,0.15,156,1450,"Urban"
2019,87,40.402924,-104.69751,14.86,0.15,156,1450,"Urban"
2019,105,40.402924,-104.69751,14.86,0.15,156,1450,"Urban"
2019,107,40.402924,-104.69751,14.86,0.15,156,1450,"Urban"
2019,43,40.402924,-104.69751,14.86,0.15,156,1450,"Urban"
2019,50,40.402924,-104.69751,14.86,0.15,156,1450,"Urban"
2019,52,40.402924,-104.69751,14.86,0.15,156,1450,"Urban"
2019,57,40.402924,-104.69751,14.86,0.15,156,1450,"Urban"
2019,59,40.402924,-104.69751,14.86,0.15,156,1450,"Urban"
2019,66,40.402924,-104.69751,14.86,0.15,156,1450,"Urban"
2019,77,40.402924,-104.69751,14.86,0.15,156,1450,"Urban"
2019,80,40.402924,-104.69751,14.86,0.15,156,1450,"Urban"
2019,91,40.402924,-104.69751,14.86,0.15,156,1450,"Urban"
2019,101,40.402924,-104.69751,14.86,0.15,156,1450,"Urban"
2019,105,40.402924,-104.69751,14.86,0.15,156,1450,"Urban"
2019,43,40.402924,-104.69751,14.86,0.15,156,1450,"Urban"
2019,50,40.402924,-104.69751,14.86,0.15,156,1450,"Urban"
2019,52,40.402924,-104.69751,14.86,0.15,156,1450,"Urban"
2019,57,40.402924,-104.69751,14.86,0.15,156,1450,"Urban"
2019,60,40.402924,-104.69751,14.86,0.15,156,1450,"Urban"
2019,77,40.402924,-104.69751,14.86,0.15,156,1450,"Urban"
2019,91,40.402924,-104.69751,14.86,0.15,156,1450,"Urban"
2019,101,40.402924,-104.69751,14.86,0.15,156,1450,"Urban"
2019,105,40.402924,-104.69751,14.86,0.15,156,1450,"Urban"
2019,50,40.402924,-104.69751,14.86,0.15,156,1450,"Urban"
2019,57,40.402924,-104.69751,14.86,0.15,156,1450,"Urban"
2019,59,40.402924,-104.69751,14.86,0.15,156,1450,"Urban"
2019,63,40.402924,-104.69751,14.86,0.15,156,1450,"Urban"
2019,77,40.402924,-104.69751,14.86,0.15,156,1450,"Urban"
2019,80,40.402924,-104.69751,14.86,0.15,156,1450,"Urban"
2019,87,40.402924,-104.69751,14.86,0.15,156,1450,"Urban"
2019,105,40.402924,-104.69751,14.86,0.15,156,1450,"Urban"
2019,107,40.402924,-104.69751,14.86,0.15,156,1450,"Urban"
2019,79,35.497227,-82.608856,NA,NA,NA,673,"Urban"
2019,79,35.497227,-82.608856,NA,NA,NA,673,"Urban"
2019,126,35.497227,-82.608856,NA,NA,NA,673,"Urban"
2019,132,35.497227,-82.608856,NA,NA,NA,673,"Urban"
2019,116,42.275463,-73.59787,NA,NA,NA,221,"Rural"
2019,116,42.275463,-73.59787,NA,NA,NA,221,"Rural"
2019,87,36.615578,-88.321381,NA,NA,NA,161,"Urban"
2019,87,36.615578,-88.321381,NA,NA,NA,161,"Urban"
2019,87,36.615578,-88.321381,NA,NA,NA,161,"Urban"
2019,91,36.615578,-88.321381,NA,NA,NA,161,"Urban"
2019,134,44.376945,-68.364273,NA,NA,NA,38,"Rural"
2019,116,42.270908,-73.59346,NA,NA,NA,212,"Rural"
2019,120,42.757748,-75.664848,NA,NA,NA,452,"Rural"
2019,106,40.665085,-73.963432,NA,NA,NA,28,"Urban"
2019,106,40.665085,-73.963432,NA,NA,NA,28,"Urban"
2019,129,43.825253,-70.287125,NA,NA,NA,55,"Rural"
2019,51,30.321651,-89.936882,NA,NA,NA,0,"Urban"
2019,65,30.321651,-89.936882,NA,NA,NA,0,"Urban"
2019,70,30.321651,-89.936882,NA,NA,NA,0,"Urban"
2019,65,30.321651,-89.936882,NA,NA,NA,0,"Urban"
2019,65,30.321651,-89.936882,NA,NA,NA,0,"Urban"
2019,100,30.321651,-89.936882,NA,NA,NA,0,"Urban"
2019,65,30.321651,-89.936882,NA,NA,NA,0,"Urban"
2019,65,30.321651,-89.936882,NA,NA,NA,0,"Urban"
2019,58,30.321651,-89.936882,NA,NA,NA,0,"Urban"
2019,100,30.321651,-89.936882,NA,NA,NA,0,"Urban"
2019,44,30.321651,-89.936882,NA,NA,NA,0,"Urban"
2019,44,30.321651,-89.936882,NA,NA,NA,0,"Urban"
2019,65,30.321651,-89.936882,NA,NA,NA,0,"Urban"
2019,96,35.608395,-82.446205,NA,NA,NA,640,"Rural"
2019,50,30.05377,-89.880486,NA,NA,NA,0,"Urban"
2019,50,30.05377,-89.880486,NA,NA,NA,0,"Urban"
2019,56,30.05377,-89.880486,NA,NA,NA,0,"Urban"
2019,71,30.05377,-89.880486,NA,NA,NA,0,"Urban"
2019,65,30.05377,-89.880486,NA,NA,NA,0,"Urban"
2019,56,30.05377,-89.880486,NA,NA,NA,0,"Urban"
2019,50,30.05377,-89.880486,NA,NA,NA,0,"Urban"
2019,65,30.05377,-89.880486,NA,NA,NA,0,"Urban"
2019,65,30.05377,-89.880486,NA,NA,NA,0,"Urban"
2019,93,30.05377,-89.880486,NA,NA,NA,0,"Urban"
2019,80,30.414787,-88.542595,NA,NA,NA,0,"Urban"
2019,80,30.414787,-88.542595,NA,NA,NA,0,"Urban"
2019,54,38.730068,-75.365211,NA,NA,NA,11,"Rural"
2019,56,42.279087,-85.613754,NA,NA,NA,257,"Urban"
2019,59,42.279087,-85.613754,NA,NA,NA,257,"Urban"
2019,79,42.279087,-85.613754,NA,NA,NA,257,"Urban"
2019,87,42.279087,-85.613754,NA,NA,NA,257,"Urban"
2019,93,42.279087,-85.613754,NA,NA,NA,257,"Urban"
2019,65,40.202297,-77.196671,NA,NA,NA,144,"Urban"
2019,73,40.202297,-77.196671,NA,NA,NA,144,"Urban"
2019,98,40.202297,-77.196671,NA,NA,NA,144,"Urban"
2019,100,40.202297,-77.196671,NA,NA,NA,144,"Urban"
2019,83,40.202297,-77.196671,NA,NA,NA,144,"Urban"
2019,98,40.202297,-77.196671,NA,NA,NA,144,"Urban"
2019,65,40.202297,-77.196671,NA,NA,NA,144,"Urban"
2019,78,40.202297,-77.196671,NA,NA,NA,144,"Urban"
2019,65,40.202297,-77.196671,NA,NA,NA,144,"Urban"
2019,91,40.202297,-77.196671,NA,NA,NA,144,"Urban"
2019,78,40.202297,-77.196671,NA,NA,NA,144,"Urban"
2019,67,40.202297,-77.196671,NA,NA,NA,144,"Urban"
2019,98,40.202297,-77.196671,NA,NA,NA,144,"Urban"
2019,89,40.202297,-77.196671,NA,NA,NA,144,"Urban"
2019,83,40.202297,-77.196671,NA,NA,NA,144,"Urban"
2019,87,40.202297,-77.196671,NA,NA,NA,144,"Urban"
2019,100,40.202297,-77.196671,NA,NA,NA,144,"Urban"
2019,83,40.202297,-77.196671,NA,NA,NA,144,"Urban"
2019,100,40.202297,-77.196671,NA,NA,NA,144,"Urban"
2019,78,40.202297,-77.196671,NA,NA,NA,144,"Urban"
2019,92,40.202297,-77.196671,NA,NA,NA,144,"Urban"
2019,80,40.202297,-77.196671,NA,NA,NA,144,"Urban"
2019,99,40.202297,-77.196671,NA,NA,NA,144,"Urban"
2019,100,40.202297,-77.196671,NA,NA,NA,144,"Urban"
2019,63,40.202297,-77.196671,NA,NA,NA,144,"Urban"
2019,67,30.50215,-89.666794,NA,NA,NA,18,"Urban"
2019,67,30.50215,-89.666794,NA,NA,NA,18,"Urban"
2019,66,38.908012,-77.072189,18.69,6.34,346,41,"Urban"
2019,115,42.386509,-71.108315,13.6,2.79,332,23,"Urban"
2019,113,42.454601,-71.12426,13.54,2.45,329,42,"Urban"
2019,111,35.616035,-82.563438,18.62,4.81,375,636,"Urban"
2019,58,35.616035,-82.563438,18.62,4.81,375,636,"Urban"
2019,111,35.616035,-82.563438,18.62,4.81,375,636,"Urban"
2019,58,35.616035,-82.563438,18.62,4.81,375,636,"Urban"
2019,111,35.616035,-82.563438,18.62,4.81,375,636,"Urban"
2019,58,35.616035,-82.563438,18.62,4.81,375,636,"Urban"
2019,111,35.616035,-82.563438,18.62,4.81,375,636,"Urban"
2019,107,36.213821,-81.68174,NA,NA,NA,970,"Urban"
2019,140,36.213821,-81.68174,NA,NA,NA,970,"Urban"
2019,107,36.213821,-81.68174,NA,NA,NA,970,"Urban"
2019,140,36.213821,-81.68174,NA,NA,NA,970,"Urban"
2019,107,36.213821,-81.68174,NA,NA,NA,970,"Urban"
2019,140,36.213821,-81.68174,NA,NA,NA,970,"Urban"
2019,107,36.213821,-81.68174,NA,NA,NA,970,"Urban"
2019,140,36.213821,-81.68174,NA,NA,NA,970,"Urban"
2019,107,36.213821,-81.68174,NA,NA,NA,970,"Urban"
2019,140,36.213821,-81.68174,NA,NA,NA,970,"Urban"
2019,114,44.652477,-93.202827,NA,NA,NA,298,"Rural"
2019,114,44.652477,-93.202827,NA,NA,NA,298,"Rural"
2019,114,44.652477,-93.202827,NA,NA,NA,298,"Rural"
2019,114,44.652477,-93.202827,NA,NA,NA,298,"Rural"
2019,114,44.652477,-93.202827,NA,NA,NA,298,"Rural"
2019,114,44.652477,-93.202827,NA,NA,NA,298,"Rural"
2019,114,44.652477,-93.202827,NA,NA,NA,298,"Rural"
2019,114,44.652477,-93.202827,NA,NA,NA,298,"Rural"
2019,114,44.652477,-93.202827,NA,NA,NA,298,"Rural"
2019,114,44.652477,-93.202827,NA,NA,NA,298,"Rural"
2019,114,44.652477,-93.202827,NA,NA,NA,298,"Rural"
2019,114,44.652477,-93.202827,NA,NA,NA,298,"Rural"
2019,114,44.652477,-93.202827,NA,NA,NA,298,"Rural"
2019,114,44.652477,-93.202827,NA,NA,NA,298,"Rural"
2019,114,44.652477,-93.202827,NA,NA,NA,298,"Rural"
2019,114,44.652477,-93.202827,NA,NA,NA,298,"Rural"
2019,114,44.652477,-93.202827,NA,NA,NA,298,"Rural"
2019,114,44.652477,-93.202827,NA,NA,NA,298,"Rural"
2019,132,47.4286,-94.895966,NA,NA,NA,410,"Rural"
2019,129,44.186375,-73.7892,11.51,-1.74,181,316,"Rural"
2019,129,44.186375,-73.7892,11.51,-1.74,181,316,"Rural"
2019,129,44.186375,-73.7892,11.51,-1.74,181,316,"Rural"
2019,78,35.977894,-79.016479,21.29,6.77,337,132,"Rural"
2019,90,35.977894,-79.016479,21.29,6.77,337,132,"Rural"
2019,83,35.977894,-79.016479,21.29,6.77,337,132,"Rural"
2019,57,35.977894,-79.016479,21.29,6.77,337,132,"Rural"
2019,83,35.977894,-79.016479,21.29,6.77,337,132,"Rural"
2019,94,35.994949,-79.008698,21.22,6.7,342,136,"Rural"
2019,94,35.994949,-79.008698,21.22,6.7,342,136,"Rural"
2019,94,35.994949,-79.008698,21.22,6.7,342,136,"Rural"
2019,102,40.73082,-73.99733,15.53,5.88,493,6,"Urban"
2019,98,42.402618,-71.184654,13.52,2.3,353,78,"Urban"
2019,148,42.402618,-71.184654,13.52,2.3,353,78,"Urban"
2019,125,42.401852,-71.188095,13.59,2.32,362,84,"Urban"
2019,111,42.401852,-71.188095,13.59,2.32,362,84,"Urban"
2019,111,42.401852,-71.188095,13.59,2.32,362,84,"Urban"
2019,111,42.401852,-71.188095,13.59,2.32,362,84,"Urban"
2019,98,42.401852,-71.188095,13.59,2.32,362,84,"Urban"
2019,70,30.320423,-89.935104,25.09,13.53,1077,2,"Rural"
2019,91,30.320423,-89.935104,25.09,13.53,1077,2,"Rural"
2019,93,30.320423,-89.935104,25.09,13.53,1077,2,"Rural"
2019,93,30.320423,-89.935104,25.09,13.53,1077,2,"Rural"
2019,91,30.320423,-89.935104,25.09,13.53,1077,2,"Rural"
2019,91,30.320423,-89.935104,25.09,13.53,1077,2,"Rural"
2019,91,30.320423,-89.935104,25.09,13.53,1077,2,"Rural"
2019,93,30.320423,-89.935104,25.09,13.53,1077,2,"Rural"
2019,91,30.320423,-89.935104,25.09,13.53,1077,2,"Rural"
2019,69,30.386005,-89.465317,24.98,13.79,1184,0,"Rural"
2019,118,30.386005,-89.465317,24.98,13.79,1184,0,"Rural"
2019,69,30.386005,-89.465317,24.98,13.79,1184,0,"Rural"
2019,118,30.386005,-89.465317,24.98,13.79,1184,0,"Rural"
2019,72,30.386005,-89.465317,24.98,13.79,1184,0,"Rural"
2019,118,30.386005,-89.465317,24.98,13.79,1184,0,"Rural"
2019,107,43.864231,-69.622574,11.3,1.18,405,57,"Rural"
2019,134,44.658932,-68.524338,11,-0.35,291,50,"Rural"
2019,79,34.842617,-83.135689,20.22,6.08,776,510,"Rural"
2019,113,34.941525,-84.152794,18.65,3.98,702,644,"Rural"
2019,130,46.79715,-92.081703,8.69,-2.22,217,194,"Urban"
2019,153,46.79715,-92.081703,8.69,-2.22,217,194,"Urban"
2019,130,46.79715,-92.081703,8.69,-2.22,217,194,"Urban"
2019,130,46.79715,-92.081703,8.69,-2.22,217,194,"Urban"
2019,130,46.79715,-92.081703,8.69,-2.22,217,194,"Urban"
2019,153,46.79715,-92.081703,8.69,-2.22,217,194,"Urban"
2019,103,40.812672,-82.028091,13.85,1.91,290,337,"Rural"
2019,127,44.606678,-69.343071,11.45,-0.73,309,57,"Rural"
2019,127,43.162205,-71.916992,12.43,-0.3,325,272,"Rural"
2019,127,43.162205,-71.916992,12.43,-0.3,325,272,"Rural"
