"location","doy","hour","soil.moist"
"ag field",190,0,0.346900230444444
"ag field",190,1,0.345629072333333
"ag field",190,2,0.344303688
"ag field",190,3,0.343446591666667
"ag field",190,4,0.342316033222222
"ag field",190,5,0.341263800333333
"ag field",190,6,0.340691262555555
"ag field",190,7,0.340061287111111
"ag field",190,8,0.340252573444444
"ag field",190,9,0.339954136555556
"ag field",190,10,0.339365807222222
"ag field",190,11,0.338422470777778
"ag field",190,12,0.337065407444444
"ag field",190,13,0.335257893888889
"ag field",190,14,0.333404003888889
"ag field",190,15,0.331882778777778
"ag field",190,16,0.329263829111111
"ag field",190,17,0.324341629222222
"ag field",190,18,0.320967247333333
"ag field",190,19,0.318322273333333
"ag field",190,20,0.315862027222222
"ag field",190,21,0.314076565111111
"ag field",190,22,0.312558141777778
"ag field",190,23,0.310985036888889
"ag field",191,0,0.309725376555556
"ag field",191,1,0.308347209777778
"ag field",191,2,0.307173856444444
"ag field",191,3,0.306116232666667
"ag field",191,4,0.305266823888889
"ag field",191,5,0.304335037
"ag field",191,6,0.304029180222222
"ag field",191,7,0.303648110777778
"ag field",191,8,0.303736371111111
"ag field",191,9,0.303776112666667
"ag field",191,10,0.303683284666667
"ag field",191,11,0.304092165111111
"ag field",191,12,0.304326958
"ag field",191,13,0.303838582555556
"ag field",191,14,0.302986611777778
"ag field",191,15,0.301934121888889
"ag field",191,16,0.299605115777778
"ag field",191,17,0.295197650111111
"ag field",191,18,0.292232345555555
"ag field",191,19,0.289821361666667
"ag field",191,20,0.287936406555556
"ag field",191,21,0.286148611222222
"ag field",191,22,0.284781102
"ag field",191,23,0.283909608888889
"ag field",192,0,0.283014645666667
"ag field",192,1,0.282415183555556
"ag field",192,2,0.281740389333333
"ag field",192,3,0.280961749222222
"ag field",192,4,0.280512283777778
"ag field",192,5,0.280252501
"ag field",192,6,0.280213273333333
"ag field",192,7,0.279942121555555
"ag field",192,8,0.279957989666667
"ag field",192,9,0.280087526222222
"ag field",192,10,0.280284313888889
"ag field",192,11,0.281759709666667
"ag field",192,12,0.282867699
"ag field",192,13,0.283475648666667
"ag field",192,14,0.283341681
"ag field",192,15,0.282734638555556
"ag field",192,16,0.280909627444444
"ag field",192,17,0.276470867666667
"ag field",192,18,0.273419148888889
"ag field",192,19,0.270716754
"ag field",192,20,0.268541297777778
"ag field",192,21,0.266835377888889
"ag field",192,22,0.265786479
"ag field",192,23,0.264637168
"ag field",193,0,0.263708237555556
"ag field",193,1,0.262695965
"ag field",193,2,0.262199451777778
"ag field",193,3,0.261795892555556
"ag field",193,4,0.261834993666667
"ag field",193,5,0.262057776
"ag field",193,6,0.262347165666667
"ag field",193,7,0.262813442555555
"ag field",193,8,0.263571068333333
"ag field",193,9,0.265320281333333
"ag field",193,10,0.267824618888889
"ag field",193,11,0.268583106111111
"ag field",193,12,0.269021857222222
"ag field",193,13,0.269545302333333
"ag field",193,14,0.270788553222222
"ag field",193,15,0.271449033666667
"ag field",193,16,0.270820561555556
"ag field",193,17,0.267175664555556
"ag field",193,18,0.264495697
"ag field",193,19,0.262531365666667
"ag field",193,20,0.260965909333333
"ag field",193,21,0.259800177777778
"ag field",193,22,0.259086401
"ag field",193,23,0.258997484333333
"ag field",194,0,0.258656790777778
"ag field",194,1,0.258313170444444
"ag field",194,2,0.258023882666667
"ag field",194,3,0.258098252333333
"ag field",194,4,0.258090873111111
"ag field",194,5,0.258166703444444
"ag field",194,6,0.258606482444444
"ag field",194,7,0.258562748
"ag field",194,8,0.259375547666667
"ag field",194,9,0.260312742888889
"ag field",194,10,0.260872980666667
"ag field",194,11,0.261933479888889
"ag field",194,12,0.262513734888889
"ag field",194,13,0.262484497777778
"ag field",194,14,0.261605046631579
"ag field",194,15,0.263259295
"ag field",194,16,0.262465833666667
"ag field",194,17,0.259715228555556
"ag field",194,18,0.257482856333333
"ag field",194,19,0.255251653
"ag field",194,20,0.254548045444444
"ag field",194,21,0.254637679888889
"ag field",194,22,0.254846268666667
"ag field",194,23,0.254712114555556
"ag field",195,0,0.254905216666667
"ag field",195,1,0.255072178222222
"ag field",195,2,0.255234973111111
"ag field",195,3,0.255066542666667
"ag field",195,4,0.255144473777778
"ag field",195,5,0.255102718333333
"ag field",195,6,0.255367875888889
"ag field",195,7,0.255774081888889
"ag field",195,8,0.255892285333333
"ag field",195,9,0.256651004666667
"ag field",195,10,0.257824653333333
"ag field",195,11,0.260054026888889
"ag field",195,12,0.261449439444444
"ag field",195,13,0.260850537222222
"ag field",195,14,0.261505638666667
"ag field",195,15,0.262015767888889
"ag field",195,16,0.260857379555555
"ag field",195,17,0.257014246555555
"ag field",195,18,0.254620815222222
"ag field",195,19,0.253045284
"ag field",195,20,0.252183075888889
"ag field",195,21,0.251255341444444
"ag field",195,22,0.250685033222222
"ag field",195,23,0.250082095555556
"ag field",196,0,0.249928953888889
"ag field",196,1,0.249768726444444
"ag field",196,2,0.249597091
"ag field",196,3,0.249436921444444
"ag field",196,4,0.248971422555556
"ag field",196,5,0.249009657333333
"ag field",196,6,0.249347910222222
"ag field",196,7,0.249888769444444
"ag field",196,8,0.250271890777778
"ag field",196,9,0.251166395111111
"ag field",196,10,0.252455832777778
"ag field",196,11,0.254363632
"ag field",196,12,0.255960050333333
"ag field",196,13,0.257050014777778
"ag field",196,14,0.257724848
"ag field",196,15,0.256780671222222
"ag field",196,16,0.255710600111111
"ag field",196,17,0.251942159222222
"ag field",196,18,0.249598433111111
"ag field",196,19,0.248077591333333
"ag field",196,20,0.246922922222222
"ag field",196,21,0.246253142444444
"ag field",196,22,0.245644963666667
"ag field",196,23,0.245393904555556
"ag field",197,0,0.245096344222222
"ag field",197,1,0.244956943666667
"ag field",197,2,0.244992989222222
"ag field",197,3,0.244848446888889
"ag field",197,4,0.245097107111111
"ag field",197,5,0.245036246333333
"ag field",197,6,0.245138262333333
"ag field",197,7,0.245460758888889
"ag field",197,8,0.245876462777778
"ag field",197,9,0.245960452777778
"ag field",197,10,0.246612661
"ag field",197,11,0.247843119
"ag field",197,12,0.249049635666667
"ag field",197,13,0.248776678444444
"ag field",197,14,0.250308202555556
"ag field",197,15,0.249884562333333
"ag field",197,16,0.248188717
"ag field",197,17,0.246390274
"ag field",197,18,0.245068221444444
"ag field",197,19,0.243858011888889
"ag field",197,20,0.242678366888889
"ag field",197,21,0.241889850222222
"ag field",197,22,0.241465046555556
"ag field",197,23,0.241516970888889
"ag field",198,0,0.241679594333333
"ag field",198,1,0.241493855888889
"ag field",198,2,0.241217778111111
"ag field",198,3,0.241081294888889
"ag field",198,4,0.240859766222222
"ag field",198,5,0.240657073333333
"ag field",198,6,0.240976682888889
"ag field",198,7,0.242014471555555
"ag field",198,8,0.243185446111111
"ag field",198,9,0.244559724777778
"ag field",198,10,0.246505925222222
"ag field",198,11,0.248617526
"ag field",198,12,0.250137394666667
"ag field",198,13,0.250740722
"ag field",198,14,0.250237539
"ag field",198,15,0.250219751444444
"ag field",198,16,0.248113167111111
"ag field",198,17,0.245575715
"ag field",198,18,0.243755826555556
"ag field",198,19,0.241857584555556
"ag field",198,20,0.240263397666667
"ag field",198,21,0.239208698888889
"ag field",198,22,0.238589822777778
"ag field",198,23,0.238021999666667
"ag field",199,0,0.237581773444444
"ag field",199,1,0.237271469333333
"ag field",199,2,0.237057617444444
"ag field",199,3,0.237183447333333
"ag field",199,4,0.237554766222222
"ag field",199,5,0.237782023777778
"ag field",199,6,0.237931882444444
"ag field",199,7,0.238474810444444
"ag field",199,8,0.24306116
"ag field",199,9,0.298780720888889
"ag field",199,10,0.373989596111111
"ag field",199,11,0.434894279333333
"ag field",199,12,0.425968851777778
"ag field",199,13,0.41606974
"ag field",199,14,0.409369895888889
"ag field",199,15,0.403916059333333
"ag field",199,16,0.399110484333333
"ag field",199,17,0.394112714777778
"ag field",199,18,0.389738527888889
"ag field",199,19,0.387484909555556
"ag field",199,20,0.394853649555555
"ag field",199,21,0.394353889222222
"ag field",199,22,0.394715588
"ag field",199,23,0.405395094888889
"ag field",200,0,0.419261319111111
"ag field",200,1,0.430078798
"ag field",200,2,0.427232002555555
"ag field",200,3,0.423637032
"ag field",200,4,0.420748427888889
"ag field",200,5,0.418505576777778
"ag field",200,6,0.416778166777778
"ag field",200,7,0.415721378
"ag field",200,8,0.414830330777778
"ag field",200,9,0.413503158555555
"ag field",200,10,0.411266101888889
"ag field",200,11,0.407880830666667
"ag field",200,12,0.403653799888889
"ag field",200,13,0.399120771111111
"ag field",200,14,0.394791091333333
"ag field",200,15,0.390383213666667
"ag field",200,16,0.386009433666667
"ag field",200,17,0.381068102222222
"ag field",200,18,0.378010648222222
"ag field",200,19,0.376054161444444
"ag field",200,20,0.374417212555555
"ag field",200,21,0.373009002888889
"ag field",200,22,0.371878240555555
"ag field",200,23,0.370750133555555
"ag field",201,0,0.369859873888889
"ag field",201,1,0.369364444777778
"ag field",201,2,0.368873426666667
"ag field",201,3,0.368517782666667
"ag field",201,4,0.367973661777778
"ag field",201,5,0.367427676666667
"ag field",201,6,0.367029096666667
"ag field",201,7,0.367081657888889
"ag field",201,8,0.367078094111111
"ag field",201,9,0.366899968555556
"ag field",201,10,0.366539440666667
"ag field",201,11,0.365642772666667
"ag field",201,12,0.363419684555556
"ag field",201,13,0.360303700555555
"ag field",201,14,0.357201416777778
"ag field",201,15,0.353341308666667
"ag field",201,16,0.348748275666667
"ag field",201,17,0.343275468444444
"ag field",201,18,0.339367065555556
"ag field",201,19,0.336957928
"ag field",201,20,0.335151470555555
"ag field",201,21,0.333812348333333
"ag field",201,22,0.332590856
"ag field",201,23,0.331503775777778
"ag field",202,0,0.330126031
"ag field",202,1,0.328115782
"ag field",202,2,0.326317181555556
"ag field",202,3,0.324713912555556
"ag field",202,4,0.323176215777778
"ag field",202,5,0.321812343333333
"ag field",202,6,0.320615778111111
"ag field",202,7,0.319702013777778
"ag field",202,8,0.319164371555555
"ag field",202,9,0.319199856
"ag field",202,10,0.318995065666667
"ag field",202,11,0.318748896888889
"ag field",202,12,0.317523362777778
"ag field",202,13,0.316288349444444
"ag field",202,14,0.314099246555555
"ag field",202,15,0.312756386444444
"ag field",202,16,0.309717107111111
"ag field",202,17,0.306045310777778
"ag field",202,18,0.303366916444444
"ag field",202,19,0.300895341
"ag field",202,20,0.299388072777778
"ag field",202,21,0.298501185444444
"ag field",202,22,0.297443005888889
"ag field",202,23,0.296424456333333
"ag field",203,0,0.295400634666667
"ag field",203,1,0.294519062555556
"ag field",203,2,0.293848311333333
"ag field",203,3,0.293390285777778
"ag field",203,4,0.292341660777778
"ag field",203,5,0.291457673555556
"ag field",203,6,0.291019661333333
"ag field",203,7,0.290307348222222
"ag field",203,8,0.289941233222222
"ag field",203,9,0.289909660888889
"ag field",203,10,0.290537602888889
"ag field",203,11,0.291442237666667
"ag field",203,12,0.291523047111111
"ag field",203,13,0.290528567222222
"ag field",203,14,0.288998096111111
"ag field",203,15,0.288520562888889
"ag field",203,16,0.287039796555556
"ag field",203,17,0.283373042111111
"ag field",203,18,0.280667393888889
"ag field",203,19,0.278855147
"ag field",203,20,0.276963217222222
"ag field",203,21,0.275422722111111
"ag field",203,22,0.274666563333333
"ag field",203,23,0.273911627888889
"ag field",204,0,0.273306359222222
"ag field",204,1,0.272836963444444
"ag field",204,2,0.272403848222222
"ag field",204,3,0.271919361
"ag field",204,4,0.271434419333333
"ag field",204,5,0.271075707666667
"ag field",204,6,0.270775261111111
"ag field",204,7,0.270425371444444
"ag field",204,8,0.269783319444444
"ag field",204,9,0.269694893444444
"ag field",204,10,0.270712413
"ag field",204,11,0.272058770333333
"ag field",204,12,0.273015588222222
"ag field",204,13,0.272907201333333
"ag field",204,14,0.272646017777778
"ag field",204,15,0.271174638444444
"ag field",204,16,0.268602927333333
"ag field",204,17,0.266173204555555
"ag field",204,18,0.263980047888889
"ag field",204,19,0.262050206111111
"ag field",204,20,0.260596067333333
"ag field",204,21,0.259911625666667
"ag field",204,22,0.259156079555556
"ag field",204,23,0.257915242666667
"ag field",205,0,0.257115589222222
"ag field",205,1,0.256342938
"ag field",205,2,0.255974276777778
"ag field",205,3,0.256194435555555
"ag field",205,4,0.256194165222222
"ag field",205,5,0.255520180444444
"ag field",205,6,0.255015318777778
"ag field",205,7,0.255006684777778
"ag field",205,8,0.255294856222222
"ag field",205,9,0.256186774222222
"ag field",205,10,0.256870203222222
"ag field",205,11,0.257985283333333
"ag field",205,12,0.258165545888889
"ag field",205,13,0.256962269888889
"ag field",205,14,0.255117899888889
"ag field",205,15,0.254111356111111
"ag field",205,16,0.254247597
"ag field",205,17,0.253706756111111
"ag field",205,18,0.252986093777778
"ag field",205,19,0.252499061
"ag field",205,20,0.251837783777778
"ag field",205,21,0.251284824444444
"ag field",205,22,0.273837078444444
"ag field",205,23,0.297945791444444
"ag field",206,0,0.290260017666667
"ag field",206,1,0.286397443111111
"ag field",206,2,0.284176466444444
"ag field",206,3,0.282976941777778
"ag field",206,4,0.306475755111111
"ag field",206,5,0.388329650888889
"ag field",206,6,0.411722655222222
"ag field",206,7,0.399655533
"ag field",206,8,0.391949656444444
"ag field",206,9,0.385563232619048
"ag field",206,10,0.379843326153846
"ag field",206,11,0.377258703333333
"ag field",206,12,0.372293151666667
"ag field",206,13,0.366676573333333
"ag field",206,14,0.360925508333333
"ag field",206,15,0.355621516666667
"ag field",206,16,0.350003586666667
"ag field",206,17,0.344147611666667
"ag field",206,18,0.339925108333333
"ag field",206,19,0.33674976
"ag field",206,20,0.334012246666667
"ag field",206,21,0.332099886666667
"ag field",206,22,0.33050921
"ag field",206,23,0.328952836666667
"ag field",207,0,0.327539956666667
"ag field",207,1,0.326360175
"ag field",207,2,0.325306965
"ag field",207,3,0.324143545
"ag field",207,4,0.323160515
"ag field",207,5,0.322411576666667
"ag field",207,6,0.321647696666667
"ag field",207,7,0.321081088333333
"ag field",207,8,0.32066149
"ag field",207,9,0.319658568333333
"ag field",207,10,0.31843775
"ag field",207,11,0.317815636666667
"ag field",207,12,0.316481948333333
"ag field",207,13,0.316396003333333
"ag field",207,14,0.314921608333333
"ag field",207,15,0.312496668333333
"ag field",207,16,0.310457383333333
"ag field",207,17,0.307825258333333
"ag field",207,18,0.30566361
"ag field",207,19,0.304458495
"ag field",207,20,0.303700086666667
"ag field",207,21,0.302944945
"ag field",207,22,0.302282005
"ag field",207,23,0.301240708333333
"ag field",208,0,0.300479716666667
"ag field",208,1,0.299646731666667
"ag field",208,2,0.299089045
"ag field",208,3,0.298645601666667
"ag field",208,4,0.298124791666667
"ag field",208,5,0.297717705
"ag field",208,6,0.29747454
"ag field",208,7,0.297363043333333
"ag field",208,8,0.296854421666667
"ag field",208,9,0.296332165
"ag field",208,10,0.296960435
"ag field",208,11,0.296997778333333
"ag field",208,12,0.296446871666667
"ag field",208,13,0.295222401666667
"ag field",208,14,0.293847458333333
"ag field",208,15,0.292997725
"ag field",208,16,0.291458383333333
"ag field",208,17,0.289160701666667
"ag field",208,18,0.287099201666667
"ag field",208,19,0.285673531666667
"ag field",208,20,0.284472125
"ag field",208,21,0.283982995
"ag field",208,22,0.283530871666667
"ag field",208,23,0.282985153333333
"ag field",209,0,0.282569936666667
"ag field",209,1,0.282024731666667
"ag field",209,2,0.28129202
"ag field",209,3,0.28106301
"ag field",209,4,0.28121607
"ag field",209,5,0.280931068333333
"ag field",209,6,0.280131518333333
"ag field",209,7,0.279769496666667
"ag field",209,8,0.279706581666667
"ag field",209,9,0.279867943333333
"ag field",209,10,0.280579106666667
"ag field",209,11,0.281385041666667
"ag field",209,12,0.280937605
"ag field",209,13,0.280776426666667
"ag field",209,14,0.341676795
"ag field",209,15,0.378152185
"ag field",209,16,0.366257056666667
"ag field",209,17,0.35735832
"ag field",209,18,0.351799308333333
"ag field",209,19,0.34818329
"ag field",209,20,0.345441405
"ag field",209,21,0.342940523333333
"ag field",209,22,0.340860391666667
"ag field",209,23,0.339258855
"ag field",210,0,0.337978015
"ag field",210,1,0.336802915
"ag field",210,2,0.335693585
"ag field",210,3,0.334619028333333
"ag field",210,4,0.333794825
"ag field",210,5,0.332967805
"ag field",210,6,0.332395158333333
"ag field",210,7,0.332107348333333
"ag field",210,8,0.331776821666667
"ag field",210,9,0.331195491666667
"ag field",210,10,0.3312179
"ag field",210,11,0.330499463333333
"ag field",210,12,0.33039247
"ag field",210,13,0.328861538333333
"ag field",210,14,0.326631921666667
"ag field",210,15,0.324174941666667
"ag field",210,16,0.321472446666667
"ag field",210,17,0.317972316666667
"ag field",210,18,0.315684828333333
"ag field",210,19,0.314165633333333
"ag field",210,20,0.312791421666667
"ag field",210,21,0.312047263333333
"ag field",210,22,0.310967355
"ag field",210,23,0.309635781666667
"deciduous",190,0,0.418936018
"deciduous",190,1,0.418519954555556
"deciduous",190,2,0.417669553777778
"deciduous",190,3,0.417280345666667
"deciduous",190,4,0.416713496111111
"deciduous",190,5,0.416732601
"deciduous",190,6,0.416948777111111
"deciduous",190,7,0.417262643222222
"deciduous",190,8,0.419027687444444
"deciduous",190,9,0.418764935222222
"deciduous",190,10,0.417997174777778
"deciduous",190,11,0.416712774333333
"deciduous",190,12,0.416393127333333
"deciduous",190,13,0.414600940555555
"deciduous",190,14,0.413813528111111
"deciduous",190,15,0.412802052888889
"deciduous",190,16,0.411737865111111
"deciduous",190,17,0.411081682444444
"deciduous",190,18,0.409492230666667
"deciduous",190,19,0.408544003111111
"deciduous",190,20,0.407125036111111
"deciduous",190,21,0.406217411777778
"deciduous",190,22,0.405668783666667
"deciduous",190,23,0.405028612333333
"deciduous",191,0,0.404711248888889
"deciduous",191,1,0.404693328333333
"deciduous",191,2,0.404851589444444
"deciduous",191,3,0.405352148222222
"deciduous",191,4,0.405795409555556
"deciduous",191,5,0.406245301222222
"deciduous",191,6,0.406735483
"deciduous",191,7,0.407175321
"deciduous",191,8,0.407370137888889
"deciduous",191,9,0.406920388
"deciduous",191,10,0.405635398222222
"deciduous",191,11,0.403431200777778
"deciduous",191,12,0.400756327888889
"deciduous",191,13,0.397451618666667
"deciduous",191,14,0.395285609333333
"deciduous",191,15,0.393160142666667
"deciduous",191,16,0.391558222111111
"deciduous",191,17,0.389135626555556
"deciduous",191,18,0.386980823333333
"deciduous",191,19,0.385360980666667
"deciduous",191,20,0.384125773333333
"deciduous",191,21,0.383137815
"deciduous",191,22,0.382321275111111
"deciduous",191,23,0.382130208
"deciduous",192,0,0.381523257111111
"deciduous",192,1,0.381028618777778
"deciduous",192,2,0.380436276888889
"deciduous",192,3,0.380119346333333
"deciduous",192,4,0.380348363333333
"deciduous",192,5,0.380621129666667
"deciduous",192,6,0.380742073777778
"deciduous",192,7,0.380941231
"deciduous",192,8,0.380868775111111
"deciduous",192,9,0.379802421
"deciduous",192,10,0.377608985111111
"deciduous",192,11,0.375644816333333
"deciduous",192,12,0.373974025555555
"deciduous",192,13,0.371933569222222
"deciduous",192,14,0.369615883555556
"deciduous",192,15,0.367158184333333
"deciduous",192,16,0.364926550222222
"deciduous",192,17,0.36242615
"deciduous",192,18,0.360491540111111
"deciduous",192,19,0.358776519222222
"deciduous",192,20,0.357716209444444
"deciduous",192,21,0.356609484333333
"deciduous",192,22,0.355796574
"deciduous",192,23,0.355550851555555
"deciduous",193,0,0.355092331444444
"deciduous",193,1,0.354460916
"deciduous",193,2,0.353858236555555
"deciduous",193,3,0.353463549111111
"deciduous",193,4,0.352594447
"deciduous",193,5,0.352271772888889
"deciduous",193,6,0.352261947111111
"deciduous",193,7,0.352025936222222
"deciduous",193,8,0.351382381555556
"deciduous",193,9,0.350454824
"deciduous",193,10,0.349238435444444
"deciduous",193,11,0.347818655111111
"deciduous",193,12,0.346055188555556
"deciduous",193,13,0.343475017444444
"deciduous",193,14,0.341119718666667
"deciduous",193,15,0.338393617
"deciduous",193,16,0.334982754333333
"deciduous",193,17,0.331831569555555
"deciduous",193,18,0.329362490888889
"deciduous",193,19,0.327393328
"deciduous",193,20,0.325897693222222
"deciduous",193,21,0.324818233111111
"deciduous",193,22,0.323858097444444
"deciduous",193,23,0.323075037777778
"deciduous",194,0,0.322383745888889
"deciduous",194,1,0.321847599111111
"deciduous",194,2,0.321278647111111
"deciduous",194,3,0.320731299666667
"deciduous",194,4,0.320155985444444
"deciduous",194,5,0.319863757222222
"deciduous",194,6,0.319881558444444
"deciduous",194,7,0.319368320444444
"deciduous",194,8,0.319085293666667
"deciduous",194,9,0.318274856666667
"deciduous",194,10,0.316894152888889
"deciduous",194,11,0.315218551888889
"deciduous",194,12,0.313463706333333
"deciduous",194,13,0.311320656333333
"deciduous",194,14,0.29936017427027
"deciduous",194,15,0.289247314444444
"deciduous",194,16,0.287183100222222
"deciduous",194,17,0.285069543
"deciduous",194,18,0.283840894666667
"deciduous",194,19,0.282666065333333
"deciduous",194,20,0.281472855777778
"deciduous",194,21,0.281184854222222
"deciduous",194,22,0.281009123555556
"deciduous",194,23,0.280592843666667
"deciduous",195,0,0.280417853444444
"deciduous",195,1,0.280273188111111
"deciduous",195,2,0.279968222888889
"deciduous",195,3,0.279958398
"deciduous",195,4,0.279434643555556
"deciduous",195,5,0.279190115888889
"deciduous",195,6,0.279079046
"deciduous",195,7,0.279208245777778
"deciduous",195,8,0.279142492777778
"deciduous",195,9,0.278765164555556
"deciduous",195,10,0.277839518555555
"deciduous",195,11,0.276918980555556
"deciduous",195,12,0.275793404333333
"deciduous",195,13,0.274403631777778
"deciduous",195,14,0.273185509888889
"deciduous",195,15,0.272034630777778
"deciduous",195,16,0.270567858666667
"deciduous",195,17,0.268936684666667
"deciduous",195,18,0.267676196333333
"deciduous",195,19,0.266698928333333
"deciduous",195,20,0.265841462666667
"deciduous",195,21,0.265075064333333
"deciduous",195,22,0.264456904333333
"deciduous",195,23,0.263892682666667
"deciduous",196,0,0.263741872666667
"deciduous",196,1,0.263965108111111
"deciduous",196,2,0.263916521444444
"deciduous",196,3,0.263669036111111
"deciduous",196,4,0.263638687666667
"deciduous",196,5,0.264218219888889
"deciduous",196,6,0.264811489333333
"deciduous",196,7,0.265469301222222
"deciduous",196,8,0.265759748444444
"deciduous",196,9,0.265437708333333
"deciduous",196,10,0.264257656333333
"deciduous",196,11,0.262640230555556
"deciduous",196,12,0.261385432888889
"deciduous",196,13,0.260454741222222
"deciduous",196,14,0.259024980222222
"deciduous",196,15,0.257273780777778
"deciduous",196,16,0.256116874777778
"deciduous",196,17,0.254860212111111
"deciduous",196,18,0.253538389111111
"deciduous",196,19,0.252610667444444
"deciduous",196,20,0.252959480888889
"deciduous",196,21,0.252125173333333
"deciduous",196,22,0.252227478222222
"deciduous",196,23,0.252005634777778
"deciduous",197,0,0.251712531777778
"deciduous",197,1,0.251330148666667
"deciduous",197,2,0.251176819111111
"deciduous",197,3,0.251251193444444
"deciduous",197,4,0.250678368444444
"deciduous",197,5,0.249248842888889
"deciduous",197,6,0.249281397111111
"deciduous",197,7,0.250427134
"deciduous",197,8,0.250092146444444
"deciduous",197,9,0.249715480888889
"deciduous",197,10,0.249257668111111
"deciduous",197,11,0.248857544666667
"deciduous",197,12,0.248120176333333
"deciduous",197,13,0.247032848444444
"deciduous",197,14,0.246133457222222
"deciduous",197,15,0.244853409111111
"deciduous",197,16,0.243842781666667
"deciduous",197,17,0.243153127333333
"deciduous",197,18,0.241792212555556
"deciduous",197,19,0.240971604333333
"deciduous",197,20,0.240223478888889
"deciduous",197,21,0.239594271
"deciduous",197,22,0.239012140333333
"deciduous",197,23,0.238580724888889
"deciduous",198,0,0.238187879222222
"deciduous",198,1,0.238072360222222
"deciduous",198,2,0.237928706
"deciduous",198,3,0.237816173555556
"deciduous",198,4,0.237559634333333
"deciduous",198,5,0.237266512222222
"deciduous",198,6,0.236894348555556
"deciduous",198,7,0.236847296555556
"deciduous",198,8,0.237103785777778
"deciduous",198,9,0.237144088333333
"deciduous",198,10,0.236991132666667
"deciduous",198,11,0.236441471333333
"deciduous",198,12,0.235720243333333
"deciduous",198,13,0.234718709444444
"deciduous",198,14,0.233453440666667
"deciduous",198,15,0.232290462111111
"deciduous",198,16,0.230932277333333
"deciduous",198,17,0.229619373
"deciduous",198,18,0.228599731222222
"deciduous",198,19,0.227755989111111
"deciduous",198,20,0.227067958111111
"deciduous",198,21,0.226588296777778
"deciduous",198,22,0.226317630222222
"deciduous",198,23,0.226135588333333
"deciduous",199,0,0.226083674555556
"deciduous",199,1,0.225740087555556
"deciduous",199,2,0.225311532555556
"deciduous",199,3,0.225209098333333
"deciduous",199,4,0.224933763888889
"deciduous",199,5,0.224574556888889
"deciduous",199,6,0.224517766888889
"deciduous",199,7,0.224593703333333
"deciduous",199,8,0.225123914888889
"deciduous",199,9,0.228597020444444
"deciduous",199,10,0.245413341
"deciduous",199,11,0.321261273333333
"deciduous",199,12,0.343444919222222
"deciduous",199,13,0.347707939666667
"deciduous",199,14,0.34976755
"deciduous",199,15,0.35138952
"deciduous",199,16,0.352431661888889
"deciduous",199,17,0.352810265111111
"deciduous",199,18,0.352768975222222
"deciduous",199,19,0.352947546222222
"deciduous",199,20,0.353494893222222
"deciduous",199,21,0.354072470777778
"deciduous",199,22,0.354502044222222
"deciduous",199,23,0.354795835
"deciduous",200,0,0.355639869333333
"deciduous",200,1,0.357595858444444
"deciduous",200,2,0.359016979222222
"deciduous",200,3,0.359831586111111
"deciduous",200,4,0.360242248444444
"deciduous",200,5,0.360386326555555
"deciduous",200,6,0.360589691777778
"deciduous",200,7,0.360858524666667
"deciduous",200,8,0.361006037888889
"deciduous",200,9,0.361241525777778
"deciduous",200,10,0.360774714888889
"deciduous",200,11,0.360230513222222
"deciduous",200,12,0.359449819111111
"deciduous",200,13,0.358413469444444
"deciduous",200,14,0.357217022888889
"deciduous",200,15,0.355882166777778
"deciduous",200,16,0.354610467666667
"deciduous",200,17,0.353167032555556
"deciduous",200,18,0.352112491111111
"deciduous",200,19,0.351311981888889
"deciduous",200,20,0.350618170666667
"deciduous",200,21,0.350169778777778
"deciduous",200,22,0.349825515111111
"deciduous",200,23,0.349481623888889
"deciduous",201,0,0.349411103222222
"deciduous",201,1,0.348999414333333
"deciduous",201,2,0.349085630888889
"deciduous",201,3,0.348748953888889
"deciduous",201,4,0.348446914888889
"deciduous",201,5,0.348197469222222
"deciduous",201,6,0.347967393444444
"deciduous",201,7,0.347778163333333
"deciduous",201,8,0.347465773666667
"deciduous",201,9,0.348639324666667
"deciduous",201,10,0.349656538555556
"deciduous",201,11,0.348904164444444
"deciduous",201,12,0.347809661888889
"deciduous",201,13,0.345258477111111
"deciduous",201,14,0.340770516444444
"deciduous",201,15,0.338561016111111
"deciduous",201,16,0.336364026333333
"deciduous",201,17,0.333850278888889
"deciduous",201,18,0.331897833555556
"deciduous",201,19,0.330120932888889
"deciduous",201,20,0.328959821888889
"deciduous",201,21,0.328226605111111
"deciduous",201,22,0.327372229
"deciduous",201,23,0.326449825111111
"deciduous",202,0,0.325894973777778
"deciduous",202,1,0.325518869
"deciduous",202,2,0.325016167333333
"deciduous",202,3,0.324808077888889
"deciduous",202,4,0.325331128444444
"deciduous",202,5,0.324255656666667
"deciduous",202,6,0.324582353555555
"deciduous",202,7,0.324010291666667
"deciduous",202,8,0.323592569777778
"deciduous",202,9,0.322627149444444
"deciduous",202,10,0.321366505111111
"deciduous",202,11,0.31965407
"deciduous",202,12,0.317150400777778
"deciduous",202,13,0.314775467111111
"deciduous",202,14,0.312127791777778
"deciduous",202,15,0.309600003111111
"deciduous",202,16,0.306675724555556
"deciduous",202,17,0.304103968
"deciduous",202,18,0.302234397777778
"deciduous",202,19,0.300321729222222
"deciduous",202,20,0.299047306222222
"deciduous",202,21,0.298123661
"deciduous",202,22,0.297495738111111
"deciduous",202,23,0.296755332777778
"deciduous",203,0,0.296106328555556
"deciduous",203,1,0.295331009555556
"deciduous",203,2,0.296928466444444
"deciduous",203,3,0.297583185666667
"deciduous",203,4,0.298140169555556
"deciduous",203,5,0.296858001444444
"deciduous",203,6,0.295955992111111
"deciduous",203,7,0.294654346555556
"deciduous",203,8,0.292939839222222
"deciduous",203,9,0.292023135777778
"deciduous",203,10,0.291278454666667
"deciduous",203,11,0.289775808
"deciduous",203,12,0.287481648888889
"deciduous",203,13,0.285395038222222
"deciduous",203,14,0.283074877444444
"deciduous",203,15,0.281471187777778
"deciduous",203,16,0.279691729444444
"deciduous",203,17,0.277192127444444
"deciduous",203,18,0.275084632333333
"deciduous",203,19,0.273553203888889
"deciduous",203,20,0.272441978555556
"deciduous",203,21,0.271622733333333
"deciduous",203,22,0.270957957444444
"deciduous",203,23,0.270770963111111
"deciduous",204,0,0.270787319666667
"deciduous",204,1,0.269690637
"deciduous",204,2,0.267350072333333
"deciduous",204,3,0.267019240555555
"deciduous",204,4,0.266645419333333
"deciduous",204,5,0.266363735111111
"deciduous",204,6,0.266136467777778
"deciduous",204,7,0.265891083444444
"deciduous",204,8,0.265576158444444
"deciduous",204,9,0.264901131333333
"deciduous",204,10,0.264189413444444
"deciduous",204,11,0.262776175444444
"deciduous",204,12,0.261141789666667
"deciduous",204,13,0.259006766555555
"deciduous",204,14,0.256883823333333
"deciduous",204,15,0.254627341111111
"deciduous",204,16,0.252201473111111
"deciduous",204,17,0.250044200111111
"deciduous",204,18,0.248323783111111
"deciduous",204,19,0.247233756333333
"deciduous",204,20,0.246251491111111
"deciduous",204,21,0.245605850888889
"deciduous",204,22,0.245181226888889
"deciduous",204,23,0.244617115111111
"deciduous",205,0,0.244440950333333
"deciduous",205,1,0.244128469666667
"deciduous",205,2,0.243544088
"deciduous",205,3,0.242915274
"deciduous",205,4,0.242653938777778
"deciduous",205,5,0.242535513222222
"deciduous",205,6,0.24229857
"deciduous",205,7,0.242123303222222
"deciduous",205,8,0.241790102555555
"deciduous",205,9,0.241294909
"deciduous",205,10,0.240464222666667
"deciduous",205,11,0.239124291444444
"deciduous",205,12,0.237649269666667
"deciduous",205,13,0.236106777444444
"deciduous",205,14,0.234465353888889
"deciduous",205,15,0.233330253333333
"deciduous",205,16,0.232637351
"deciduous",205,17,0.232228869
"deciduous",205,18,0.231526494666667
"deciduous",205,19,0.231079249777778
"deciduous",205,20,0.230821631555556
"deciduous",205,21,0.230398997444444
"deciduous",205,22,0.237136687777778
"deciduous",205,23,0.241273174
"deciduous",206,0,0.241606068555556
"deciduous",206,1,0.241793554888889
"deciduous",206,2,0.242036736555556
"deciduous",206,3,0.242188187333333
"deciduous",206,4,0.242573601444444
"deciduous",206,5,0.246352030111111
"deciduous",206,6,0.252601764444444
"deciduous",206,7,0.256950081666667
"deciduous",206,8,0.259975209888889
"deciduous",206,9,0.262574193888889
"deciduous",206,10,0.266515782162162
"deciduous",206,11,0.262101476666667
"deciduous",206,12,0.261862683333333
"deciduous",206,13,0.261318906666667
"deciduous",206,14,0.260759051666667
"deciduous",206,15,0.260160896666667
"deciduous",206,16,0.259638271666667
"deciduous",206,17,0.258770253333333
"deciduous",206,18,0.258318745
"deciduous",206,19,0.258194515
"deciduous",206,20,0.25809088
"deciduous",206,21,0.258351743333333
"deciduous",206,22,0.258900758333333
"deciduous",206,23,0.259774235
"deciduous",207,0,0.260877041666667
"deciduous",207,1,0.261924183333333
"deciduous",207,2,0.263058886666667
"deciduous",207,3,0.264006096666667
"deciduous",207,4,0.264608063333333
"deciduous",207,5,0.265578091666667
"deciduous",207,6,0.266372821666667
"deciduous",207,7,0.267391071666667
"deciduous",207,8,0.26757036
"deciduous",207,9,0.267141383333333
"deciduous",207,10,0.266071956666667
"deciduous",207,11,0.264942545
"deciduous",207,12,0.263448028333333
"deciduous",207,13,0.261669726666667
"deciduous",207,14,0.259159315
"deciduous",207,15,0.256931375
"deciduous",207,16,0.255181456666667
"deciduous",207,17,0.253639663333333
"deciduous",207,18,0.252309058333333
"deciduous",207,19,0.251227735
"deciduous",207,20,0.250454175
"deciduous",207,21,0.249948448333333
"deciduous",207,22,0.249885683333333
"deciduous",207,23,0.249899605
"deciduous",208,0,0.250242355
"deciduous",208,1,0.250760543333333
"deciduous",208,2,0.251218056666667
"deciduous",208,3,0.25163839
"deciduous",208,4,0.252175343333333
"deciduous",208,5,0.252884425
"deciduous",208,6,0.253421245
"deciduous",208,7,0.254346138333333
"deciduous",208,8,0.254689188333333
"deciduous",208,9,0.254027945
"deciduous",208,10,0.252679675
"deciduous",208,11,0.250405455
"deciduous",208,12,0.247750998333333
"deciduous",208,13,0.245248798333333
"deciduous",208,14,0.243021958333333
"deciduous",208,15,0.241286908333333
"deciduous",208,16,0.239680023333333
"deciduous",208,17,0.238151685
"deciduous",208,18,0.23685193
"deciduous",208,19,0.235862345
"deciduous",208,20,0.23506335
"deciduous",208,21,0.234550756666667
"deciduous",208,22,0.234314196666667
"deciduous",208,23,0.234057391666667
"deciduous",209,0,0.233862385
"deciduous",209,1,0.233800506666667
"deciduous",209,2,0.233799753333333
"deciduous",209,3,0.233582485
"deciduous",209,4,0.23340756
"deciduous",209,5,0.233329506666667
"deciduous",209,6,0.23340746
"deciduous",209,7,0.233291716666667
"deciduous",209,8,0.233369583333333
"deciduous",209,9,0.23305993
"deciduous",209,10,0.232517223333333
"deciduous",209,11,0.231411035
"deciduous",209,12,0.229966941666667
"deciduous",209,13,0.228743153333333
"deciduous",209,14,0.238593576666667
"deciduous",209,15,0.257168906666667
"deciduous",209,16,0.255582011666667
"deciduous",209,17,0.254696185
"deciduous",209,18,0.254077385
"deciduous",209,19,0.253647301666667
"deciduous",209,20,0.253580993333333
"deciduous",209,21,0.253532413333333
"deciduous",209,22,0.253467348333333
"deciduous",209,23,0.253833716666667
"deciduous",210,0,0.25366487
"deciduous",210,1,0.253674141666667
"deciduous",210,2,0.253878993333333
"deciduous",210,3,0.254104446666667
"deciduous",210,4,0.253978916666667
"deciduous",210,5,0.25409011
"deciduous",210,6,0.254220945
"deciduous",210,7,0.25435043
"deciduous",210,8,0.254228246666667
"deciduous",210,9,0.253257903333333
"deciduous",210,10,0.252247093333333
"deciduous",210,11,0.251105861666667
"deciduous",210,12,0.249871131666667
"deciduous",210,13,0.248231523333333
"deciduous",210,14,0.246319415
"deciduous",210,15,0.24463614
"deciduous",210,16,0.243306475
"deciduous",210,17,0.241691756666667
"deciduous",210,18,0.240502695
"deciduous",210,19,0.23958509
"deciduous",210,20,0.239157126666667
"deciduous",210,21,0.238503371666667
"deciduous",210,22,0.238206486666667
"deciduous",210,23,0.239041043333333
"mowed lawn",190,0,0.376182111555556
"mowed lawn",190,1,0.375924140666667
"mowed lawn",190,2,0.375584846555556
"mowed lawn",190,3,0.375257527
"mowed lawn",190,4,0.374829310222222
"mowed lawn",190,5,0.374343746777778
"mowed lawn",190,6,0.373868048666667
"mowed lawn",190,7,0.373584565444444
"mowed lawn",190,8,0.372080747666667
"mowed lawn",190,9,0.370229129888889
"mowed lawn",190,10,0.368373481
"mowed lawn",190,11,0.366520504111111
"mowed lawn",190,12,0.364428882777778
"mowed lawn",190,13,0.361979661666667
"mowed lawn",190,14,0.358498745222222
"mowed lawn",190,15,0.354282503444444
"mowed lawn",190,16,0.349911635666667
"mowed lawn",190,17,0.345406904222222
"mowed lawn",190,18,0.342059021777778
"mowed lawn",190,19,0.340879159555555
"mowed lawn",190,20,0.341410105555556
"mowed lawn",190,21,0.342130545333333
"mowed lawn",190,22,0.342346723222222
"mowed lawn",190,23,0.342239816777778
"mowed lawn",191,0,0.343567928444444
"mowed lawn",191,1,0.343594367111111
"mowed lawn",191,2,0.343897675555556
"mowed lawn",191,3,0.343167458222222
"mowed lawn",191,4,0.343092632111111
"mowed lawn",191,5,0.343696371444444
"mowed lawn",191,6,0.343286020777778
"mowed lawn",191,7,0.342739013777778
"mowed lawn",191,8,0.341670303666667
"mowed lawn",191,9,0.339846048666667
"mowed lawn",191,10,0.337893602888889
"mowed lawn",191,11,0.336043462777778
"mowed lawn",191,12,0.333633470333333
"mowed lawn",191,13,0.330620722444444
"mowed lawn",191,14,0.327630743555555
"mowed lawn",191,15,0.322762857777778
"mowed lawn",191,16,0.318491208555556
"mowed lawn",191,17,0.314757268555556
"mowed lawn",191,18,0.311185380333333
"mowed lawn",191,19,0.309746035444444
"mowed lawn",191,20,0.310025258333333
"mowed lawn",191,21,0.311493262222222
"mowed lawn",191,22,0.312371562222222
"mowed lawn",191,23,0.312269348555556
"mowed lawn",192,0,0.311882811222222
"mowed lawn",192,1,0.312127952
"mowed lawn",192,2,0.312368309888889
"mowed lawn",192,3,0.312466001666667
"mowed lawn",192,4,0.312197891222222
"mowed lawn",192,5,0.312296186777778
"mowed lawn",192,6,0.312034818222222
"mowed lawn",192,7,0.311965496222222
"mowed lawn",192,8,0.310948685222222
"mowed lawn",192,9,0.307772648555556
"mowed lawn",192,10,0.304570787777778
"mowed lawn",192,11,0.302018665777778
"mowed lawn",192,12,0.298838360333333
"mowed lawn",192,13,0.295198429222222
"mowed lawn",192,14,0.290774395222222
"mowed lawn",192,15,0.286673383444444
"mowed lawn",192,16,0.282392602
"mowed lawn",192,17,0.278041857444444
"mowed lawn",192,18,0.274757378777778
"mowed lawn",192,19,0.272491871333333
"mowed lawn",192,20,0.271425036111111
"mowed lawn",192,21,0.270697236666667
"mowed lawn",192,22,0.270413427111111
"mowed lawn",192,23,0.270063364444444
"mowed lawn",193,0,0.269560330444444
"mowed lawn",193,1,0.268773287222222
"mowed lawn",193,2,0.268357820222222
"mowed lawn",193,3,0.267906255444444
"mowed lawn",193,4,0.269855238333333
"mowed lawn",193,5,0.270861850222222
"mowed lawn",193,6,0.271469853444444
"mowed lawn",193,7,0.272068128777778
"mowed lawn",193,8,0.271420107222222
"mowed lawn",193,9,0.271105722888889
"mowed lawn",193,10,0.269817346888889
"mowed lawn",193,11,0.267779837888889
"mowed lawn",193,12,0.266631775333333
"mowed lawn",193,13,0.264120228333333
"mowed lawn",193,14,0.263039063888889
"mowed lawn",193,15,0.26066553
"mowed lawn",193,16,0.258079675777778
"mowed lawn",193,17,0.255035771222222
"mowed lawn",193,18,0.252376441333333
"mowed lawn",193,19,0.250742716333333
"mowed lawn",193,20,0.250237540555556
"mowed lawn",193,21,0.250275817333333
"mowed lawn",193,22,0.250684455444444
"mowed lawn",193,23,0.251693597777778
"mowed lawn",194,0,0.252023171222222
"mowed lawn",194,1,0.252761629333333
"mowed lawn",194,2,0.253199924888889
"mowed lawn",194,3,0.253677810222222
"mowed lawn",194,4,0.254379848222222
"mowed lawn",194,5,0.257229563444444
"mowed lawn",194,6,0.257844160555555
"mowed lawn",194,7,0.253189435111111
"mowed lawn",194,8,0.253269618555556
"mowed lawn",194,9,0.251820281333333
"mowed lawn",194,10,0.250129710888889
"mowed lawn",194,11,0.248815583
"mowed lawn",194,12,0.247495579666667
"mowed lawn",194,13,0.242769727010309
"mowed lawn",194,14,0.236209008444444
"mowed lawn",194,15,0.234857746222222
"mowed lawn",194,16,0.232850552666667
"mowed lawn",194,17,0.230980926888889
"mowed lawn",194,18,0.229961340333333
"mowed lawn",194,19,0.230308222333333
"mowed lawn",194,20,0.233029150111111
"mowed lawn",194,21,0.235615400444444
"mowed lawn",194,22,0.236889092666667
"mowed lawn",194,23,0.237249602111111
"mowed lawn",195,0,0.238028255333333
"mowed lawn",195,1,0.238813258222222
"mowed lawn",195,2,0.239212459666667
"mowed lawn",195,3,0.240025844888889
"mowed lawn",195,4,0.239104449888889
"mowed lawn",195,5,0.239649761777778
"mowed lawn",195,6,0.240008117348066
"mowed lawn",195,7,0.239769535555555
"mowed lawn",195,8,0.238343594222222
"mowed lawn",195,9,0.235274247222222
"mowed lawn",195,10,0.233420858777778
"mowed lawn",195,11,0.231906659888889
"mowed lawn",195,12,0.230635174444444
"mowed lawn",195,13,0.229126657666667
"mowed lawn",195,14,0.227905070222222
"mowed lawn",195,15,0.225786671111111
"mowed lawn",195,16,0.223152975
"mowed lawn",195,17,0.220893597
"mowed lawn",195,18,0.218443828111111
"mowed lawn",195,19,0.216089759888889
"mowed lawn",195,20,0.216062846777778
"mowed lawn",195,21,0.217499172111111
"mowed lawn",195,22,0.218939265555556
"mowed lawn",195,23,0.220553246666667
"mowed lawn",196,0,0.221227655555556
"mowed lawn",196,1,0.222736450888889
"mowed lawn",196,2,0.223328492111111
"mowed lawn",196,3,0.223412351
"mowed lawn",196,4,0.223799452
"mowed lawn",196,5,0.222895201333333
"mowed lawn",196,6,0.222789236
"mowed lawn",196,7,0.223379242333333
"mowed lawn",196,8,0.222622111555556
"mowed lawn",196,9,0.220041480888889
"mowed lawn",196,10,0.217569353222222
"mowed lawn",196,11,0.215889043222222
"mowed lawn",196,12,0.213600612222222
"mowed lawn",196,13,0.211894224666667
"mowed lawn",196,14,0.210040908111111
"mowed lawn",196,15,0.208124933111111
"mowed lawn",196,16,0.206673492888889
"mowed lawn",196,17,0.204585792
"mowed lawn",196,18,0.202160755555556
"mowed lawn",196,19,0.200812867666667
"mowed lawn",196,20,0.201155650777778
"mowed lawn",196,21,0.20262794
"mowed lawn",196,22,0.204202364777778
"mowed lawn",196,23,0.205290460666667
"mowed lawn",197,0,0.205569466444444
"mowed lawn",197,1,0.205864044
"mowed lawn",197,2,0.206459100888889
"mowed lawn",197,3,0.206557980888889
"mowed lawn",197,4,0.206816395
"mowed lawn",197,5,0.207171712555556
"mowed lawn",197,6,0.210026340666667
"mowed lawn",197,7,0.211683885666667
"mowed lawn",197,8,0.211198748444444
"mowed lawn",197,9,0.208873241111111
"mowed lawn",197,10,0.210229522222222
"mowed lawn",197,11,0.207731517
"mowed lawn",197,12,0.205048400888889
"mowed lawn",197,13,0.203215611555556
"mowed lawn",197,14,0.201964424777778
"mowed lawn",197,15,0.200766848555556
"mowed lawn",197,16,0.201361220888889
"mowed lawn",197,17,0.201303020111111
"mowed lawn",197,18,0.199459980111111
"mowed lawn",197,19,0.197854433666667
"mowed lawn",197,20,0.197142231333333
"mowed lawn",197,21,0.193907589222222
"mowed lawn",197,22,0.196980860555556
"mowed lawn",197,23,0.198562776444444
"mowed lawn",198,0,0.200100167666667
"mowed lawn",198,1,0.198549807888889
"mowed lawn",198,2,0.194956778444444
"mowed lawn",198,3,0.195558396777778
"mowed lawn",198,4,0.196067207666667
"mowed lawn",198,5,0.195969085
"mowed lawn",198,6,0.196456495333333
"mowed lawn",198,7,0.196682627222222
"mowed lawn",198,8,0.195339688777778
"mowed lawn",198,9,0.193798664333333
"mowed lawn",198,10,0.193110865444444
"mowed lawn",198,11,0.192487006888889
"mowed lawn",198,12,0.191784379333333
"mowed lawn",198,13,0.190723075555556
"mowed lawn",198,14,0.189466258444444
"mowed lawn",198,15,0.188613208333333
"mowed lawn",198,16,0.186997145888889
"mowed lawn",198,17,0.185631667
"mowed lawn",198,18,0.184516065777778
"mowed lawn",198,19,0.183004367666667
"mowed lawn",198,20,0.182025244666667
"mowed lawn",198,21,0.181707747777778
"mowed lawn",198,22,0.181536715888889
"mowed lawn",198,23,0.181307587777778
"mowed lawn",199,0,0.181227803
"mowed lawn",199,1,0.181220344444444
"mowed lawn",199,2,0.181523386444444
"mowed lawn",199,3,0.181609904888889
"mowed lawn",199,4,0.181675514888889
"mowed lawn",199,5,0.182222414555556
"mowed lawn",199,6,0.182710650888889
"mowed lawn",199,7,0.184507026777778
"mowed lawn",199,8,0.187225106222222
"mowed lawn",199,9,0.203148545222222
"mowed lawn",199,10,0.243788832111111
"mowed lawn",199,11,0.309719201111111
"mowed lawn",199,12,0.329043915
"mowed lawn",199,13,0.334718434333333
"mowed lawn",199,14,0.337137195777778
"mowed lawn",199,15,0.338556878777778
"mowed lawn",199,16,0.339409540777778
"mowed lawn",199,17,0.339878613777778
"mowed lawn",199,18,0.340201027222222
"mowed lawn",199,19,0.341889772444444
"mowed lawn",199,20,0.346963928444444
"mowed lawn",199,21,0.348826262222222
"mowed lawn",199,22,0.350831677111111
"mowed lawn",199,23,0.357186143888889
"mowed lawn",200,0,0.365895653333333
"mowed lawn",200,1,0.373049884666667
"mowed lawn",200,2,0.374997843666667
"mowed lawn",200,3,0.375995441777778
"mowed lawn",200,4,0.376688942111111
"mowed lawn",200,5,0.377337690888889
"mowed lawn",200,6,0.377911861111111
"mowed lawn",200,7,0.378179527333333
"mowed lawn",200,8,0.377954352444444
"mowed lawn",200,9,0.377157594888889
"mowed lawn",200,10,0.376306565
"mowed lawn",200,11,0.375428446777778
"mowed lawn",200,12,0.374184502222222
"mowed lawn",200,13,0.372403273555556
"mowed lawn",200,14,0.369662380666667
"mowed lawn",200,15,0.366603466111111
"mowed lawn",200,16,0.363649822
"mowed lawn",200,17,0.360486950333333
"mowed lawn",200,18,0.358050563444444
"mowed lawn",200,19,0.356594446888889
"mowed lawn",200,20,0.356120345222222
"mowed lawn",200,21,0.356507709222222
"mowed lawn",200,22,0.356890106222222
"mowed lawn",200,23,0.356989039777778
"mowed lawn",201,0,0.356615732222222
"mowed lawn",201,1,0.356104935444444
"mowed lawn",201,2,0.355416860888889
"mowed lawn",201,3,0.355156375444444
"mowed lawn",201,4,0.354890536
"mowed lawn",201,5,0.354456311111111
"mowed lawn",201,6,0.354217651
"mowed lawn",201,7,0.353600340444444
"mowed lawn",201,8,0.351925265888889
"mowed lawn",201,9,0.349659014222222
"mowed lawn",201,10,0.347606257777778
"mowed lawn",201,11,0.345725399666667
"mowed lawn",201,12,0.343231551444444
"mowed lawn",201,13,0.340043768888889
"mowed lawn",201,14,0.336119431222222
"mowed lawn",201,15,0.331538882444444
"mowed lawn",201,16,0.326873348222222
"mowed lawn",201,17,0.322343475444444
"mowed lawn",201,18,0.318922147222222
"mowed lawn",201,19,0.316713819444444
"mowed lawn",201,20,0.315753812111111
"mowed lawn",201,21,0.315184090111111
"mowed lawn",201,22,0.314706039333333
"mowed lawn",201,23,0.314749474777778
"mowed lawn",202,0,0.314782303
"mowed lawn",202,1,0.314496621888889
"mowed lawn",202,2,0.313939510444444
"mowed lawn",202,3,0.312939437555556
"mowed lawn",202,4,0.311946942333333
"mowed lawn",202,5,0.310752319222222
"mowed lawn",202,6,0.309975285666667
"mowed lawn",202,7,0.309205874444444
"mowed lawn",202,8,0.30776944
"mowed lawn",202,9,0.305481287111111
"mowed lawn",202,10,0.302147257666667
"mowed lawn",202,11,0.29806659
"mowed lawn",202,12,0.293795087777778
"mowed lawn",202,13,0.289051715888889
"mowed lawn",202,14,0.283705058111111
"mowed lawn",202,15,0.278514516333333
"mowed lawn",202,16,0.273035924
"mowed lawn",202,17,0.269971243888889
"mowed lawn",202,18,0.267903182222222
"mowed lawn",202,19,0.266198881888889
"mowed lawn",202,20,0.266076618666667
"mowed lawn",202,21,0.266970748888889
"mowed lawn",202,22,0.268198201888889
"mowed lawn",202,23,0.268933925111111
"mowed lawn",203,0,0.268917268888889
"mowed lawn",203,1,0.268262418555555
"mowed lawn",203,2,0.268390938222222
"mowed lawn",203,3,0.268649758111111
"mowed lawn",203,4,0.269010073555556
"mowed lawn",203,5,0.268882471777778
"mowed lawn",203,6,0.268952460222222
"mowed lawn",203,7,0.268602427444444
"mowed lawn",203,8,0.266673376
"mowed lawn",203,9,0.262610419444444
"mowed lawn",203,10,0.259584474666667
"mowed lawn",203,11,0.256758375333333
"mowed lawn",203,12,0.253825417222222
"mowed lawn",203,13,0.250823784777778
"mowed lawn",203,14,0.247668010444444
"mowed lawn",203,15,0.244523157444444
"mowed lawn",203,16,0.241447591111111
"mowed lawn",203,17,0.238678778777778
"mowed lawn",203,18,0.236199403111111
"mowed lawn",203,19,0.234612118222222
"mowed lawn",203,20,0.233209818555556
"mowed lawn",203,21,0.232883475666667
"mowed lawn",203,22,0.234732980888889
"mowed lawn",203,23,0.236244435888889
"mowed lawn",204,0,0.237184690666667
"mowed lawn",204,1,0.237681127555556
"mowed lawn",204,2,0.237649925222222
"mowed lawn",204,3,0.237557845222222
"mowed lawn",204,4,0.237740980888889
"mowed lawn",204,5,0.237728365666667
"mowed lawn",204,6,0.237657331
"mowed lawn",204,7,0.237165223666667
"mowed lawn",204,8,0.235042061888889
"mowed lawn",204,9,0.231904191111111
"mowed lawn",204,10,0.228803495666667
"mowed lawn",204,11,0.225502958888889
"mowed lawn",204,12,0.222669263222222
"mowed lawn",204,13,0.219747549888889
"mowed lawn",204,14,0.216456201666667
"mowed lawn",204,15,0.213469125222222
"mowed lawn",204,16,0.210624834666667
"mowed lawn",204,17,0.209088295777778
"mowed lawn",204,18,0.207764947555556
"mowed lawn",204,19,0.207171251333333
"mowed lawn",204,20,0.206254999666667
"mowed lawn",204,21,0.207042053
"mowed lawn",204,22,0.207406246444444
"mowed lawn",204,23,0.207374368555556
"mowed lawn",205,0,0.208079059
"mowed lawn",205,1,0.208621956444444
"mowed lawn",205,2,0.209614070666667
"mowed lawn",205,3,0.210364381
"mowed lawn",205,4,0.210122556666667
"mowed lawn",205,5,0.209289722444444
"mowed lawn",205,6,0.209540090888889
"mowed lawn",205,7,0.20912996
"mowed lawn",205,8,0.207555547555556
"mowed lawn",205,9,0.20540511
"mowed lawn",205,10,0.203198585555556
"mowed lawn",205,11,0.201348017111111
"mowed lawn",205,12,0.198790773888889
"mowed lawn",205,13,0.196580776777778
"mowed lawn",205,14,0.195289113
"mowed lawn",205,15,0.195106640333333
"mowed lawn",205,16,0.196497157888889
"mowed lawn",205,17,0.196599252333333
"mowed lawn",205,18,0.196151329444444
"mowed lawn",205,19,0.195954612555556
"mowed lawn",205,20,0.195700238111111
"mowed lawn",205,21,0.195663539777778
"mowed lawn",205,22,0.228382147222222
"mowed lawn",205,23,0.252353448888889
"mowed lawn",206,0,0.248601891555556
"mowed lawn",206,1,0.246786482777778
"mowed lawn",206,2,0.245999645555556
"mowed lawn",206,3,0.245097809888889
"mowed lawn",206,4,0.248127227777778
"mowed lawn",206,5,0.271496137888889
"mowed lawn",206,6,0.295193866555556
"mowed lawn",206,7,0.297048942111111
"mowed lawn",206,8,0.297552692
"mowed lawn",206,9,0.294266053333333
"mowed lawn",206,10,0.29838194
"mowed lawn",206,11,0.29761338
"mowed lawn",206,12,0.29588068
"mowed lawn",206,13,0.293734228333333
"mowed lawn",206,14,0.290874515
"mowed lawn",206,15,0.287512148333333
"mowed lawn",206,16,0.284039123333333
"mowed lawn",206,17,0.280859856666667
"mowed lawn",206,18,0.27886391
"mowed lawn",206,19,0.278134428333333
"mowed lawn",206,20,0.278940521666667
"mowed lawn",206,21,0.279664726666667
"mowed lawn",206,22,0.28007542
"mowed lawn",206,23,0.280111563333333
"mowed lawn",207,0,0.279918103333333
"mowed lawn",207,1,0.27994823
"mowed lawn",207,2,0.279724501666667
"mowed lawn",207,3,0.279482295
"mowed lawn",207,4,0.279278225
"mowed lawn",207,5,0.278665073333333
"mowed lawn",207,6,0.278186986666667
"mowed lawn",207,7,0.27782775
"mowed lawn",207,8,0.277103603333333
"mowed lawn",207,9,0.274846305
"mowed lawn",207,10,0.273273296666667
"mowed lawn",207,11,0.271222575
"mowed lawn",207,12,0.268590546666667
"mowed lawn",207,13,0.265279708333333
"mowed lawn",207,14,0.261101048333333
"mowed lawn",207,15,0.25825696
"mowed lawn",207,16,0.255917693333333
"mowed lawn",207,17,0.253609716666667
"mowed lawn",207,18,0.251296121666667
"mowed lawn",207,19,0.250699878333333
"mowed lawn",207,20,0.251809686666667
"mowed lawn",207,21,0.253719976666667
"mowed lawn",207,22,0.25477011
"mowed lawn",207,23,0.255340808333333
"mowed lawn",208,0,0.255335993333333
"mowed lawn",208,1,0.255416006666667
"mowed lawn",208,2,0.255110686666667
"mowed lawn",208,3,0.254842263333333
"mowed lawn",208,4,0.254745218333333
"mowed lawn",208,5,0.254808473333333
"mowed lawn",208,6,0.254985968333333
"mowed lawn",208,7,0.254843381666667
"mowed lawn",208,8,0.253198141666667
"mowed lawn",208,9,0.250400741666667
"mowed lawn",208,10,0.248251498333333
"mowed lawn",208,11,0.24576266
"mowed lawn",208,12,0.243621278333333
"mowed lawn",208,13,0.241301395
"mowed lawn",208,14,0.239269653333333
"mowed lawn",208,15,0.237020476666667
"mowed lawn",208,16,0.234340636666667
"mowed lawn",208,17,0.232853995
"mowed lawn",208,18,0.23081113
"mowed lawn",208,19,0.229989106666667
"mowed lawn",208,20,0.229478593333333
"mowed lawn",208,21,0.230571396666667
"mowed lawn",208,22,0.231744333333333
"mowed lawn",208,23,0.232828978333333
"mowed lawn",209,0,0.233414698333333
"mowed lawn",209,1,0.233730045
"mowed lawn",209,2,0.233346345
"mowed lawn",209,3,0.233807003333333
"mowed lawn",209,4,0.233828475
"mowed lawn",209,5,0.23358127
"mowed lawn",209,6,0.233291218333333
"mowed lawn",209,7,0.232886076666667
"mowed lawn",209,8,0.23207894
"mowed lawn",209,9,0.230090193333333
"mowed lawn",209,10,0.229297515
"mowed lawn",209,11,0.226750155
"mowed lawn",209,12,0.224589311666667
"mowed lawn",209,13,0.222543061666667
"mowed lawn",209,14,0.238259565
"mowed lawn",209,15,0.286451188333333
"mowed lawn",209,16,0.280562408333333
"mowed lawn",209,17,0.277287235
"mowed lawn",209,18,0.274720243333333
"mowed lawn",209,19,0.27292789
"mowed lawn",209,20,0.272023873333333
"mowed lawn",209,21,0.271757346666667
"mowed lawn",209,22,0.272350743333333
"mowed lawn",209,23,0.272568503333333
"mowed lawn",210,0,0.272450541666667
"mowed lawn",210,1,0.27218932
"mowed lawn",210,2,0.271712626666667
"mowed lawn",210,3,0.271228518333333
"mowed lawn",210,4,0.270912775
"mowed lawn",210,5,0.270628261666667
"mowed lawn",210,6,0.270421378333333
"mowed lawn",210,7,0.270079446666667
"mowed lawn",210,8,0.268496295
"mowed lawn",210,9,0.266187363333333
"mowed lawn",210,10,0.264037188333333
"mowed lawn",210,11,0.261062975
"mowed lawn",210,12,0.258165088333333
"mowed lawn",210,13,0.25431644
"mowed lawn",210,14,0.251027155
"mowed lawn",210,15,0.248031196666667
"mowed lawn",210,16,0.244519301666667
"mowed lawn",210,17,0.241920641666667
"mowed lawn",210,18,0.239098398333333
"mowed lawn",210,19,0.237834018333333
"mowed lawn",210,20,0.23796672
"mowed lawn",210,21,0.23979904
"mowed lawn",210,22,0.241461171666667
"mowed lawn",210,23,0.241895251666667
